id,antiguedad_anos,contribucion_actual,Segmento
9980f12e32711330d5f58460e169e6207afda041,9.586301369863014,11396.81,Promesa
93512ea145c3d81ba7a7ff641faf992fd307072e,7.284931506849315,17346.26,Promesa
acb2fee5aea2d73a88359d438aaedeea731554f8,6.038356164383561,7110.06,Dormido
b627227d2f20116510bcb12de34e6a188cf8d054,7.852054794520548,14264.99,Promesa
054be5f40d50b28d2b82af57159343989dd28012,8.013698630136986,13470.72,Promesa
e7a86bf5f62bcac9ca4c7003175e5366d759b284,8.027397260273972,6470.47,Promesa
c935634fbe417eb2a8444624b5e599475d06fb17,8.208219178082192,35701.729999999996,Estrella
1ec46b0c54a296addafefaf286c1059d0d65596b,8.27945205479452,10190.94,Promesa
eb86ccb9bfaca3ba1b3b7dd1e0f1053ca00df348,2.0465753424657533,2482.75,Dormido
cb8a723a25c36e1679f56997be30195c7c4968dd,3.9095890410958902,10236.35,Dormido
40227d8067c3d0fd6cd1d6b8605cc310bc72692a,3.947945205479452,20835.55,Cash Cow
2645c45560663c2aaa72b3dde41c2a0f773707c0,4.06027397260274,7354.35,Dormido
7ca33022d73d474e23092d0d40ea415285e7fb05,4.063013698630137,9306.84,Dormido
8cc0d1d598b36a86858b401e08b1d4d641e726ac,4.136986301369863,6858.35,Dormido
577070ea216d0d3948df5eb039eda349d4ab0321,4.13972602739726,3574.77,Dormido
f9d71337174bd26b4d4e3da8ca9b2127df6d7c4b,4.210958904109589,5616.0,Dormido
11f4222f90ef9db317be7d3bcb386ac25ece3e46,4.2465753424657535,12096.18,Dormido
c5d8e8c04a4abef983ec1c45a8b2ef3cb0f27116,4.252054794520548,8655.85,Dormido
217e3f98440eac6df428d352131e68af76d84080,4.3342465753424655,3754.11,Dormido
e9d78b880174480f0603505d910a9e194aeec55e,4.345205479452055,18129.2,Cash Cow
45fdcbdd8d356352a34783d2ce822cfaa08f7d8c,4.389041095890411,38864.33,Cash Cow
ceec7f835d40e570b84a8f9acf151ae7ad079893,4.421917808219178,4335.68,Dormido
88443706437007ea932169dce86a2dedf4b27221,4.47945205479452,22092.55,Cash Cow
75d597ba71d7c90d8edfee1085713d0f556f93f4,4.487671232876712,14284.6,Dormido
e9dc184102fa9fd8af2c4166a8e12930bbc9ef54,4.515068493150685,3349.73,Dormido
21b2406ac19e643f6875f4a895aa44df537d4dc8,4.556164383561644,24433.63,Cash Cow
b7a6a07474831f03644ed909903b496666d3d7b0,4.7835616438356166,19932.95,Cash Cow
6ebe6d1cdd4ffa319abf71d54e306bbd8addfb0f,4.890410958904109,7181.16,Dormido
fa398d73d7a669f04865e987c33c5e8372a9248c,4.947945205479452,50465.33,Cash Cow
cfa55d7d336bca9ae4d827398a84be57077f112b,4.967123287671233,11677.52,Dormido
8edcd32e658f91a98ffced62ed33d2ef9e43d9a0,4.978082191780822,38365.439999999995,Cash Cow
864adfaaf133b78953b5aa2ea27b5dc34224067d,5.005479452054795,10216.93,Dormido
7480ed7072d7a07ff6225b04c8d105af6d886c63,5.1506849315068495,13078.44,Dormido
3b1632817459063f443f4810f9d52f9bb123ab23,5.254794520547946,28557.33,Cash Cow
3f8cbe371ceb2e4c37ce75bc04da6f47a7919c1b,5.293150684931507,10409.86,Dormido
901870a95abbb0ddec297302f239d006d692c1e0,5.367123287671233,7762.63,Dormido
766f221e0a6e75ff3f1d0d18423d4da5b0e7d8eb,5.372602739726028,12694.43,Dormido
48e8fc0846cb550c3a5c5781194c09f7b16113b7,3.747945205479452,20178.2,Cash Cow
783f1c2643f769bc1342d3fba017b981c48c7af9,5.498630136986302,15978.34,Dormido
84bab086b7099fdcd3192d2356d1295d16522316,5.506849315068493,17576.33,Dormido
624c87e12625d87c496e2471d8ec32deaa9454a8,5.578082191780822,11075.34,Dormido
3596b650a387497b3a18abac53151060e29bc4e8,5.6136986301369864,16933.93,Dormido
59268d018f7fb81b192432101bb54feff7954444,5.726027397260274,16846.75,Dormido
6895dcebb7d7daf7e40aae43a2ea0cce91bffd4d,5.728767123287671,14934.28,Dormido
4ea9e44e95a10ae2aae43ff8372c5b92d0e53329,5.736986301369863,31003.08,Cash Cow
826158635df25e5fffa5f7989ffee57a73c4334d,5.745205479452054,10299.32,Dormido
27727d01ee4cf82c3672eff51d5b9f5f74bbeb59,2.265753424657534,6917.78,Dormido
64a7a57c252f948951f82e3b89952e0f61f6d165,5.821917808219178,27368.4,Cash Cow
04e15785e1f1d2a4893438cf2c5ec8036eea4e36,5.821917808219178,9986.68,Dormido
23b4e6e36404db8e6d71d31d60512f26acd785e7,2.3123287671232875,14177.2,Dormido
3225a5d0b592b755e07a68dd202b9d792f62174d,5.901369863013699,9367.61,Dormido
c61e95a1efa52c32ac065a523abf63f458b5def7,5.961643835616439,17237.18,Dormido
8bca43a5f08644b18e2f21242300332150afb98b,5.983561643835617,9850.12,Dormido
9c5b793a39b4f480d9b75a820194e4bacd85ec74,6.13972602739726,7722.0,Dormido
241250af04d9772831b4b9f6d39d311b562f2976,6.2164383561643834,36430.93,Estrella
884a990ae864d7d832a8e6d0109a1ea8206307b2,6.30958904109589,21164.92,Estrella
49847c8161c002ab10b7410254ac2200b3eac16b,3.3068493150684932,14412.1,Dormido
ea3a608bb9d2a9bcc625d0da1d93a547d2460d81,6.35068493150685,38098.77,Estrella
9f2b3a2d400a06dd5701051619d2426d90772462,6.35068493150685,16404.39,Promesa
98b30663015f37ff8050863aba082c3128fbdd5d,6.517808219178082,18207.61,Estrella
b724b68d73fbc5622080f8405c4109cb815d5184,4.046575342465753,7484.4400000000005,Dormido
5a1c6d0a09d4fa2fffad2c2f13ad73960a0f9c5e,4.734246575342466,13506.89,Dormido
41fd688494d0501d17690da268251cca0dcc5ad9,6.6,10584.34,Promesa
99325e3563e5f3975f63e31ec408d30845549ba7,6.213698630136986,12718.17,Promesa
798aaf7e3d3e55f454267e32ab64b52f87d84567,7.383561643835616,20074.45,Estrella
f52017374a51b788a004722737d80800a1c2c7d0,7.589041095890411,5906.57,Promesa
1a5e832262f8bf6e6a8b42b1d1ab4e25d46fc264,7.336986301369863,26820.58,Estrella
502c03007400c58500c3a69601353c86809602c4,7.780821917808219,7880.81,Promesa
01d12d1c5b58348995b71cf1d5eb9257fa64d95b,7.96986301369863,19901.69,Estrella
5fa9eb49fd77f4a1fc71dff6ab89eefd137e5618,7.989041095890411,12066.93,Promesa
21482b6be8d84111b1ef25f2f248b12833c316ba,8.093150684931507,8210.4,Promesa
c92790e74f5d4768db0fe57b3ba07be8396b7c4d,8.257534246575343,24241.11,Estrella
97f8228dc59bf64aa315e32d7792937eca12364e,6.482191780821918,18128.77,Estrella
dd1e0ad3390a10b504b7aedf4c8a461fd00efa48,3.621917808219178,7786.89,Dormido
74b7963125f580c9cdc54f0e90d570edd3a3d6d9,3.7150684931506848,8399.41,Dormido
d076b085d54d60953c594dd9bd372c0dc84222f1,3.8493150684931505,6774.85,Dormido
4435faacceffbed4c590f67c21553bc144be51a4,4.041095890410959,43443.06,Cash Cow
e8b58fde03231626a2170b79998d75e8d5a0172f,3.252054794520548,11600.71,Dormido
9bfc0f4a3bcc87743e067b0c4bebf1a0f9c5217a,4.136986301369863,6882.05,Dormido
6a073cec7dd4c8f6a9c6a56ff2ddb78a93876cec,4.583561643835616,29724.22,Cash Cow
bcaa86c62ab531a0ad32c052386c130e04b36322,4.602739726027397,11510.9,Dormido
0225c1f9c7e66dc02b44b9a00cdd0fa9ba5a4c71,4.64931506849315,34806.33,Cash Cow
5f3ca1eb354ca3f34b7044ba6c057a876321f948,4.750684931506849,7229.39,Dormido
d9078209fb08265bb5b96b5dd4a6cfb59f5e582d,4.756164383561644,8480.65,Dormido
f07523d86ebab33f3a0f1b6396e1a0a6b0a8037d,4.7753424657534245,3292.12,Dormido
7c9063ab0a70033b767550c85243178aa1c79f59,4.813698630136987,11621.23,Dormido
f8d2a87baa764619829857afb3330682c2ce49fb,4.852054794520548,9704.53,Dormido
b5778297c4196b91a7e9e496c32fc64219f898da,4.909589041095891,5841.98,Dormido
edec886beac45e4c8a0389f69eecaf1c3482d5bf,4.947945205479452,10945.62,Dormido
3a3868006c53ad90f3f0ac309c7bd3e639a23719,5.038356164383561,5529.53,Dormido
e02d8303a1b6544b26c2abe9dba9f0d17f3f4fb9,5.043835616438356,9422.94,Dormido
1d57db78f59d7bf500c0f6cb1ceb5cd1258553e4,5.120547945205479,10054.47,Dormido
0471167c6dcd9e87952bee4478ce26337793c07f,5.213698630136986,7830.46,Dormido
38b0999e7b5a863f9147e1454ba8cf07f7e2cd27,5.2164383561643834,11381.77,Dormido
77196f62b08ce85a0edd280e951d935277f057c8,5.287671232876712,6204.7,Dormido
ef9eab66c50a9631b142e6397d9e50bad4b20ec3,5.342465753424658,20595.9,Cash Cow
922aac1cdf3d53172c3a3f78a1701ff498f8f51d,5.353424657534247,11379.23,Dormido
93c9b5d87071dc1fe4c34a86c0c98c8113e7fcfb,5.372602739726028,9135.55,Dormido
78c8329f7861f085874ac2ed47102b802aa746e2,5.4,13984.56,Dormido
d6ac3fa6bf4c71c236c0ec3b9aba16f9761b23ef,5.410958904109589,39067.09,Cash Cow
2a1bb0006a4eaaf1678eea5aa5bfac1d68b5a2f4,5.47945205479452,11057.33,Dormido
5618afd60ddac119b5dca08494289782bf117f79,5.484931506849315,2945.29,Dormido
386255abe482617ebf218e408e292de68bd3f560,5.545205479452055,6235.41,Dormido
0cddce87733ba0eae8aa52546a3931f0fc76e195,5.558904109589041,16319.79,Dormido
3433c69c3b6173040c4194ecaa58eb0158aaa89d,5.6,21283.93,Cash Cow
8a86c5cc8fa3b4c4ca7ad1c8597fdd09e65b7ae2,5.602739726027397,4635.42,Dormido
4c1231468e83b7959ee95deed556f41949cdba0d,5.6219178082191785,7855.46,Dormido
0e605f4ddcc29e333424991f6eba05e3faefe32c,5.654794520547945,13480.65,Dormido
990e1ca928f06bc21eb9518f90a32fb4d0608409,5.810958904109589,16139.62,Dormido
4fa2a481e598fa02b42dfcd8370c7c2e24dca5b1,5.958904109589041,9746.84,Dormido
2b733723272ca45f11eef580b30bae4a379242f0,5.958904109589041,4812.97,Dormido
4b5b6bf7c0d0e616c648f9d6ba7d50d4a3f87390,5.994520547945205,21039.66,Cash Cow
b031d8137149cf687fb84be6198524356ad91483,6.095890410958904,9448.46,Dormido
a85916beb7602fa48ce1af983e29a8881478d2e3,6.191780821917808,12941.4,Dormido
aa61dc17381126cb949fbe28afc3f5c0a1481b50,6.1945205479452055,19481.6,Cash Cow
948b031c943777ddce29def972b8d661a17f573a,6.2164383561643834,7302.2699999999995,Promesa
20d7979a08e914f774e4ee0582e9c52610b368aa,6.2465753424657535,10454.0,Promesa
c5a2d0ebb9f801fba2e4bd4af3c8d1a1a329c472,6.32054794520548,8406.01,Promesa
9e4986284d7c10efaa1dad7b715489dbf00a5ef5,6.33972602739726,8026.31,Promesa
e5679bed230e06d16783ef7fa587a00a0d729451,3.1452054794520548,12732.38,Dormido
068a3a4901e7819ac41bfd214b724a4094baa6fc,6.389041095890411,6900.49,Promesa
beee123e73bd1816bbf1d2afc874be80e16eab46,6.536986301369863,17484.78,Promesa
71448aaee3d8a82dcfa33e43f819e4fe96661588,6.553424657534246,29231.64,Estrella
a657783ecfa4237031662b76c048df6a937c6148,6.580821917808219,15539.29,Promesa
a7052aa8132520284c6f9b23fb3e6f7c2728648d,6.082191780821918,18471.34,Cash Cow
2f5363950dee195b91dd681977fde5d159d87b94,6.728767123287671,27836.1,Estrella
8d2d5fdb0101dbecdbdbd7e9bf92e59f04233cae,7.383561643835616,12159.59,Promesa
d8173fa7c5f1f02fd0fc5aa06fa266a645717a5f,2.147945205479452,17416.27,Dormido
99fb7b837518d1fcd01ec8ad0ce4f38eb8f512d6,7.816438356164384,7334.92,Promesa
7e80f245cc1a01b48bce454762a11f8ac03231fa,7.953424657534247,26179.7,Estrella
f6cd565e050985d05d8b54f273ed255b9770843d,3.758904109589041,5707.87,Dormido
492ff1bca04fd6a07159f051d755c80afc8aaf72,3.9287671232876713,5196.32,Dormido
2a121f5823747346124738360203b75cbd14c141,4.142465753424657,7350.97,Dormido
8941b449ef43ed5efd7a1f548c27f6bc8479562c,4.235616438356164,27179.78,Cash Cow
79ece83efe0d2c6e3f05eeea111f09aa519005a0,3.328767123287671,45124.4,Cash Cow
0d7e9d7ce47c82714b00162dc2aecb532461a373,4.410958904109589,12717.99,Dormido
4f502fcd480cff83cacf8225818c5690f836493b,4.446575342465754,7477.32,Dormido
78612204a703784961f6a32a1b7ca701751f03d9,4.542465753424658,11235.34,Dormido
4d40d038acd2fa1f57541be2fcf9a478de534481,4.580821917808219,25368.7,Cash Cow
834443cae1779e27e87894ff4ade35f67d399d85,4.671232876712328,10685.25,Dormido
09b86636f4807823ff9041b427405b00aa25829c,4.747945205479452,47107.67,Cash Cow
f82d9570b2c555400f6f442f8ea66430d57296e4,4.772602739726027,11664.46,Dormido
3545165fbfb11219f2c13a61cbb49862e6d80b19,4.813698630136987,10203.73,Dormido
4e83b06a007553730d39dc39d2a99b7a60c440cb,4.926027397260274,6220.59,Dormido
e2057a5f00e2dcef6f0cf6be4e684736bdb77233,5.052054794520548,13384.52,Dormido
857ecf5bf8633696d190004563f2c957508454eb,5.090410958904109,31160.92,Cash Cow
4a26b490cf30635ec1cb408f5a8de1c12b31ba79,5.101369863013699,17881.75,Dormido
ec4dbc9002f3f1153e1f7ccc662cb4722887452f,5.153424657534247,11474.43,Dormido
377640923c35f16f528ae1f4d79b180da251c473,5.227397260273973,30929.04,Cash Cow
141c0b0efc67aa7c76a66820a8d87b13d189ab05,5.232876712328767,41798.979999999996,Cash Cow
a36e4538b10449a5f8149df5bbc7b72f3b3f92b4,5.273972602739726,3772.91,Dormido
668e5be4b1de53500228aeb3ba676fd35b41b570,5.276712328767124,3806.92,Dormido
95cfdcb8ec03f7eff4c84d67b271af5c0567bb00,5.3863013698630136,15242.2,Dormido
e29b5b59b21766909c3cb6c60d62b1aa2459cd2f,5.438356164383562,40577.86,Cash Cow
d46056c3ec100f8696b02e06a014944cd0d8d781,5.468493150684932,28849.74,Cash Cow
898ed397288bcb7556929a11d71fd6e658e1983d,5.495890410958904,5309.64,Dormido
cc46998c8fcaf8527a5c43e8148f8e2f407ba4d2,5.536986301369863,5912.65,Dormido
b4de8a7dd1291cd411342f866534a0ec2767b69d,5.558904109589041,6068.37,Dormido
6f1559290bc65be2d8ad5aab3b8b07f050caa6c5,5.583561643835616,14768.69,Dormido
e75af7d0c540d213255c9a4b946816720eea17ad,5.6876712328767125,1589.8899999999999,Dormido
07dcc29c8538d50e2889c8418b62bde027b62425,5.6876712328767125,7249.2,Dormido
d46735a55e1a241b30914f622d24cb7edfd3b2e5,5.6876712328767125,22388.670000000002,Cash Cow
8a96a8b7113d6b3e1fe9211862f29bd80d5bc35b,5.6876712328767125,5632.16,Dormido
3e9ada6f9b7ad7eecc35e2b9bca3e9ce55cbce0b,5.698630136986301,11494.289999999999,Dormido
73979cd3b881080e416ca160e1e7ea947202f06f,5.747945205479452,14401.94,Dormido
17553057673459a94adebd6b19bce398c1dd2e03,4.235616438356164,22943.32,Cash Cow
1d8f54cbb7b5e2f80343a025c1122019ecebb33f,5.810958904109589,26480.21,Cash Cow
2f4c767fd9296bcaa291aa89f114574071ffdf75,5.882191780821918,38019.71,Cash Cow
e32578997d995c498a71f7cac5003a373bc77d01,6.002739726027397,7603.3,Dormido
825e561e14578c12447d3dc459a7c749162017e0,6.016438356164383,13355.76,Dormido
c5110b283076d0c32a7438297a0851991f15a0ec,6.189041095890411,11897.05,Dormido
f91ee01bbeef53daf4877dcbc0f167f192bc51db,6.293150684931507,14343.95,Promesa
8df77fed244f13ee2b23a99dd923f75d51415498,6.306849315068493,12351.68,Promesa
344032a8e94b3ff15278639d6a8e5928673b1e0f,6.331506849315068,3619.15,Promesa
528f934e91b5c7a9532f4fdbbff6d73ee033b91e,6.331506849315068,8202.01,Promesa
ebaff10906d7c475426d03ee515dcc81327c339d,6.358904109589041,14953.61,Promesa
b43e31f698da09a1386c46aa7306b90ed743ab3e,6.361643835616438,8109.52,Promesa
be7d0f4487ef8827ffacf1eff4859cf2754d6e7c,4.484931506849315,25692.36,Cash Cow
143e4963cd499b1b05b544cb791a821a01072073,6.435616438356164,21729.920000000002,Estrella
695abe5bb6ff2f87912377c5cb8b5e294750c3e1,6.484931506849315,18934.15,Estrella
3e5523a1648b122d39770b1f8b86751b94bc9ad8,6.542465753424658,13497.59,Promesa
d60cf40881582da127005dc0163667c3703e8dd9,6.550684931506849,18114.1,Estrella
cb38d65bef08b9a895b3ea662fdaf856859d8eeb,6.6,20951.2,Estrella
2835cbd471a6385d418906a3c170e77585629388,7.402739726027397,13819.72,Promesa
3762a6dd45bab32812ba11c819d1b9cc19e0f30f,3.202739726027397,74982.14,Cash Cow
0d07b8aad9a390e466d2db0df72bf01e278c501b,7.7095890410958905,11659.23,Promesa
dbcaed844c0ab48e60726de430ee7323dcfbaab3,7.747945205479452,25179.44,Estrella
50b1293709acd5ba3bd305c4f419b75c2304f9ac,4.323287671232877,16235.99,Dormido
b75c7abf693a676d09588543de5ea0456ab33690,9.361643835616439,9469.54,Promesa
e6e3eb2708ad54876105584985dad63d24c38190,9.956164383561644,28296.82,Estrella
ac871d71c4de5abbea593192b3f16eda994fc53e,7.304109589041096,16404.98,Promesa
9206383e87f769909dc4d29260dabf658665c1a5,3.884931506849315,14696.37,Dormido
3a2c0fac2cc14d3f611032f8c3332cc276a18e59,3.9835616438356163,7017.51,Dormido
2e79cd99eb67ed7dfe1e1e7ed8df5f967213cb7d,4.136986301369863,20131.29,Cash Cow
30a316c5b7ea8b5e738d46396bd50782e4622fbf,4.271232876712329,24642.67,Cash Cow
6060e96f58a5aee6415dc8171bf8541c525cea03,4.4301369863013695,19374.53,Cash Cow
144d05fb17ac05c4ddd77797143fe5f19212575e,4.484931506849315,5536.56,Dormido
d47d5cdcc9a0107cd8b9e4108ca72e93ed933aea,4.561643835616438,39187.340000000004,Cash Cow
1a1e6dd25a72cf135502784109332810479e7724,4.564383561643836,5012.19,Dormido
c1da5f84eefc7223dc001fcbe5889cfb089630f2,4.6219178082191785,13720.37,Dormido
6c05c76270c3039f543b787217cb753444762f31,4.67945205479452,6179.24,Dormido
c5eeec13011d24ce17931baa207a9e2cb105eea5,4.698630136986301,4823.3099999999995,Dormido
9af125ab4874a897afe1998d3aea0bb5ba1cde04,4.7534246575342465,15244.99,Dormido
441dd4effb6a046df1a043cd500fa0260caf1a48,4.83013698630137,5558.98,Dormido
d7edb13c7e0f41d5e00b7b2dcd5e8ed2f61a3458,4.909589041095891,29254.4,Cash Cow
2e805f79e201c922dab7aa73675e897968bda688,4.928767123287671,14426.22,Dormido
94e58c5ab22628af017b1e627546f0c96eb390e5,5.013698630136986,5587.17,Dormido
2303c8a4a887bdd51802cefa99536766bf3de584,5.038356164383561,7506.38,Dormido
5b637354ca7629bff586b749cacd18bc9f8f9c52,5.063013698630137,7262.46,Dormido
94e335457caa039fd933cbde1b4e215f78a43aa6,5.115068493150685,13681.9,Dormido
fbb894ca96b346b9264f8dafd45ef65bdb686a05,5.287671232876712,9716.77,Dormido
6c1b0aad051fd6d4cfe10e49dcb956b95101fcbb,5.482191780821918,7223.23,Dormido
52b2ac1913f4543aaeaccdbe4f67bc8670c69c28,5.517808219178082,12583.88,Dormido
8b31f27db32594b993b08b02815b48f3a9194076,5.556164383561644,12767.55,Dormido
426ac9bd3514ee180c14dd1e9485af456a05b620,5.5917808219178085,20496.51,Cash Cow
32bb37811d4549c0511c5a889b661574bf1488c0,5.6219178082191785,27920.87,Cash Cow
dac3218b86da72c5c6c5e05d0f1fa49bb5a7c4ab,5.717808219178083,9955.88,Dormido
a737e3c57dad7ddb37b526681109dbc8104d7042,5.745205479452054,8558.27,Dormido
a99c42bf79d1b5a0d7f98fa19c60530af241ddf7,4.232876712328767,10341.98,Dormido
11d59ef9b19a3dbac6b07b662e2b2357cab3ea98,5.750684931506849,10595.59,Dormido
4b816cdebe3975fb67dc6dd74a2b0de13b285b42,5.808219178082192,25847.55,Cash Cow
ad00d9f668622581ae4141583796bb789277ae7e,5.904109589041096,10996.630000000001,Dormido
4729e04295889326113a2074dd1494caec2bde03,5.906849315068493,14839.09,Dormido
828b1e9d505d251fd737f3cc655d1dc2fc7deb63,3.452054794520548,6127.62,Dormido
c0761949e5345b9a9de42fcf65d0fef10f4a1666,3.232876712328767,2385.75,Dormido
94b8d1d74a7821c43c9ca0fde19a192e9bae76de,5.967123287671233,5391.04,Dormido
1f198781f20d59e1bef4e4ce6f17c332e384a6c8,5.967123287671233,11178.18,Dormido
4af6fd2d4d5c1f991bd9144632f632c9e851aa6b,5.986301369863014,9178.07,Dormido
fe9415c62193f2d430a0340c31064ec512b27c8c,5.997260273972603,13196.63,Dormido
4d989a78ec9de4008303d3a240aef3e1885f2595,6.024657534246575,4046.43,Dormido
60398bc53e92ce190ecfe6907e0e910f6585a21f,6.032876712328767,8552.52,Dormido
51c820a4a0e9b91f126be43001bf29d653ecc050,6.120547945205479,15267.19,Dormido
78ef4be48f765da08a9b021259a589337c835a5e,6.208219178082191,2929.48,Promesa
c57b65ddc0c540648f8071e5df7b75036b8e5815,6.208219178082191,10310.79,Promesa
98228e90a10f6400b1bd660adaae1ba01e811dc3,6.254794520547946,30465.99,Estrella
ee29bd414d34c56536651b09d4780ca20057e772,6.2904109589041095,24504.170000000002,Estrella
5ca76d6884d5858a28b3a1caea6590a4c1dfed68,6.347945205479452,7281.5199999999995,Promesa
45cdade2ddee87bc96f53056cdb7032eea8d19cf,6.35068493150685,4779.88,Promesa
3c63627ed53bc80ef0d7de2d467e8eaacec57da1,6.383561643835616,25200.9,Estrella
47a520dde89eb786e98eb62dbb5f2c3b4de767b3,6.454794520547945,6619.04,Promesa
02a73132fe5c2af6d596eec88629c754d9e9c860,4.219178082191781,2487.75,Dormido
8cf7b6a6cc74205009f63e37c438cc23181ee2c6,6.504109589041096,11462.98,Promesa
879267f571ba345eac4c34dd7479a9b1fb860c16,6.531506849315068,26647.43,Estrella
78d8953726e7ca8ed80db09f0e520a16078293ae,6.553424657534246,9734.18,Promesa
da878dc8b27e5061168370a78368a2ed1f6cd1ca,7.536986301369863,8121.57,Promesa
b9a3e5f13e297f27ba388949b160c6b99cb6e992,5.052054794520548,12562.66,Dormido
49343635f2b799079125ce396a395224c25deb31,7.745205479452054,18259.74,Estrella
9c6ef874db857c5669e12c72c5d9d6d24d1eef62,7.928767123287671,23420.93,Estrella
dcc173cd2a1defd73be86c89ad048aa8c06f9085,3.3917808219178083,4775.2300000000005,Dormido
d95a0d3919be01bf23da102cb95c3eed47a3435e,4.257534246575342,5551.12,Dormido
9453d782ab82d337f2bbce15039b7751468c4313,4.3342465753424655,22913.63,Cash Cow
e3839928a455dbf3b6073ec44f8bbe263d4f2f7f,4.405479452054794,5507.26,Dormido
fd13b8c105c07a6c1a716727ecc73cf0f3cf1950,4.504109589041096,15155.85,Dormido
42b33cf61850dadc4044d3cc852ce9982855afbd,4.504109589041096,7032.96,Dormido
ae54444147fa05e6ef18b8a6a05c01116941c879,4.545205479452055,18073.59,Cash Cow
d43d62684801211a94e54bd987041268cf0bc6d0,4.717808219178083,31514.2,Cash Cow
a53fc2b9db2deb10fdb0a0bab3915440511c7453,4.750684931506849,7154.01,Dormido
289d2b963afabda42dc982496ade21528d9f65e4,4.7753424657534245,19677.9,Cash Cow
9f7153cb40d07225004db7a1606b1290d1518da8,4.526027397260274,9564.27,Dormido
7742592c6ee28cabab6c9b8ff29ca370acbbee75,4.8273972602739725,14948.62,Dormido
721fce1964f28c360910dc10b8a96ec596c229bd,4.852054794520548,16073.63,Dormido
15ab18e369a4046251d65949a3651db540d7a948,4.884931506849315,16322.27,Dormido
51a5645ff179e89dc4b8a1ffb35d333370f2a3b3,5.1945205479452055,2430.45,Dormido
fd05c2e362d663a227c97ef595ccc8996c5ab19e,5.208219178082191,6825.5599999999995,Dormido
2727b75e57d0da973bdab1ef3a8920f051304214,5.2164383561643834,9705.9,Dormido
2fe5f13355786ebb78248c88693f8af1968b781f,5.2164383561643834,13170.91,Dormido
a0768b38ee9fa95c035c2ec25a906630e3a88ecc,5.3342465753424655,17933.84,Cash Cow
7ebf1612ed69a206ff42057246ece93151fd5b68,5.438356164383562,20232.95,Cash Cow
1c1615b93647941594a95c18bbb4e7426663cd35,5.449315068493151,12467.57,Dormido
b372e8f0894d84ffad3a7a83f7a2f7cbecfe5e2c,5.487671232876712,5016.24,Dormido
290b6978affa092119737bfd95e47c2494de946f,3.73972602739726,5698.81,Dormido
b22f04d8394bb8fcba5e26d69c27a3a0e76bea14,5.487671232876712,16956.43,Dormido
9542486a6f7138e66050e3853432967eb588eab7,5.504109589041096,16402.079999999998,Dormido
3ce3315c1f07d644eb1d84c7e29e8764c10049cc,5.52054794520548,3249.75,Dormido
9ce500df7c4732f0ba70efe8866af6dc92295f0d,5.556164383561644,13594.810000000001,Dormido
6b6af2e52b9028a4a86acb79c94584d33d9441fe,5.572602739726028,7466.62,Dormido
b94151e8e7bd2a8062c61a6dc771788ea119c7b5,5.632876712328767,27776.14,Cash Cow
b354f9d82e4ea716310fb3daace1559c6cc9390e,5.671232876712328,13217.36,Dormido
7edfa8fa9b186b5157dab56f166b04c7ba194cab,5.7315068493150685,24289.489999999998,Cash Cow
ba778a0d41cff83a934fc482eb9b77b1dfde9f53,5.756164383561644,12441.48,Dormido
90714f3b4cf4653254a264ef375d68885be49282,5.8273972602739725,11389.33,Dormido
9dd1bd938fafacceccfb1cd42e97b34655fe898f,5.83013698630137,6926.16,Dormido
cbbe34d32461d2a2991637c3d99316602978dbe0,5.904109589041096,8810.88,Dormido
4f109c80e57a49012f30bfe0ec2d0b40f1a2511b,5.923287671232877,6881.64,Dormido
fa0eb9b3f1a475ba1765e20cdb9f9b5bce6ab38c,6.054794520547945,7168.84,Dormido
b03594fc263d4ac6fbd1bd2a4f14578c846cbc41,6.2246575342465755,14713.09,Promesa
0172891ba3000c3150a6985265517678ebbf3b39,6.227397260273973,9467.26,Promesa
3f807aea5440658d4f81d3dd13149fb1074b93bf,6.328767123287672,9842.61,Promesa
0802e55117a6dab8cdd7ddfe532bbf3dd900fd8e,6.331506849315068,6191.4,Promesa
a5351cc46afe17512d59c3c5aca1c5e3c7be98cb,6.35068493150685,11452.59,Promesa
0f4229e8187ec8827e8fab1519d9ec344013302c,6.35068493150685,22197.73,Estrella
fe25435085da4e8b314592f5aab3655699ea1894,6.457534246575342,12230.17,Promesa
dec15d9131c76ced8aec4e119dc5cc633814a9b7,6.463013698630137,9810.47,Promesa
a9c97ba219836ca7816b05b83f86702fcf1ae6c0,6.482191780821918,20436.61,Estrella
de660ad30a157585a63d8e96035a0f01b365be95,6.493150684931507,6309.51,Promesa
6f7c7f1ef861c662096ebe51316da8afa0e5d5b3,6.553424657534246,5936.599999999999,Promesa
bf3ac6be503f22e65824741f94618946d74738ce,2.5534246575342467,8714.83,Dormido
68e8678f677574a38d820f1aa63839f17f3d99c4,7.63013698630137,10574.2,Promesa
65c1a2b20b4a5e9fec098bb405833de299641f17,7.843835616438356,18421.62,Estrella
e2af698cf9d7653f46566dba4fe3e448d302b6fa,7.898630136986301,14377.869999999999,Promesa
40d7fb86daa5fefd3993e7146dc9cd6c4d2ba01d,5.7753424657534245,41920.65,Cash Cow
ef2d3b77353cf979c0776c355f7facb0f5447d42,8.167123287671233,9494.56,Promesa
e156442518b47d75117838873fdda3a13a22b775,3.926027397260274,5249.81,Dormido
12c1bb7814f3b0cd97687ae3cc6411aa3fe8e9be,4.021917808219178,7272.69,Dormido
cef027105f3025f7365b1ced0696d775f8a677f8,4.120547945205479,9981.05,Dormido
b844dcbf099229e1b8361b87fc14df3fe9ba34c7,4.23013698630137,19125.19,Cash Cow
13ff3a01d72cdb0a2987a9a327f16fc5cd0b85ae,4.389041095890411,14336.88,Dormido
19cc3a917c08b1732559b5c1c556536626015bd7,2.73972602739726,21789.14,Cash Cow
2a489f155f62e3ceb5a75e08e8c79d9506816a2b,4.468493150684932,13532.050000000001,Dormido
6f0e920666216ad4784a8ea41e2d2efbc349af0c,4.482191780821918,9969.95,Dormido
ee404cd1a592dd1ea2ecc9680f1dd7b52425dba8,4.545205479452055,22404.0,Cash Cow
5adf10c192a046977d4c9b3c7bd647e73e5450ea,4.756164383561644,8298.87,Dormido
6faa300dc4aa9bdbf9c078c4fb1070a2c8650064,4.8712328767123285,11930.08,Dormido
4036de168267e3e8e12ead8c8d7f8181fdd8fe62,5.005479452054795,9251.380000000001,Dormido
4f84c820677250929c22452f462d208dafd3ded6,5.021917808219178,26603.09,Cash Cow
3f18c3fb11f0d8f9a4860b2de8b537c85f2ed34c,5.024657534246575,5174.81,Dormido
bce2c5efb98c0f18a5cd10bd1315d2c94c061224,4.0849315068493155,24625.69,Cash Cow
4c160a10f895ff988769ae6aefaea97ecbe9a1d7,5.043835616438356,10250.85,Dormido
1c58aa6f46a23aa04f494de78a4a0a327b343482,5.117808219178082,21975.62,Cash Cow
a94015eeb4f4affa02dffa1513c6300e5b986493,5.120547945205479,13687.03,Dormido
e3867801a20de8518b7ba249c3fa9146180968f6,5.120547945205479,13074.27,Dormido
43413dd6f7abc3c23e31d06a5d098a50e5520367,5.153424657534247,26865.9,Cash Cow
93b51942a83638733b6c8deba59caa655d97a71b,5.156164383561644,16929.54,Dormido
b8cf6fd931530aaf329356c699efa0bcf743f5f5,5.1726027397260275,10526.73,Dormido
1ba596b3179a3d78e58850f5e3bb8fb7957dee11,5.2164383561643834,18018.46,Cash Cow
8d1c6cfe1e462558fa1dfc351102d035b0098395,5.238356164383561,12194.76,Dormido
2ebcab73eee822e30c5af5d2dd7527b92a41ce03,5.304109589041096,7731.86,Dormido
af004a72d7b5d9e568aff127c0ea8f834b65a0d0,5.328767123287672,56645.45,Cash Cow
73b3756d30c612bd589905f27ca5b274f74ac994,5.353424657534247,8585.23,Dormido
e2efaff915fdf2c4b81fc2930cb3adcd5b25fb06,5.361643835616438,5181.29,Dormido
bd4713ce9184d31af96fcd25184adb32a74c03a9,5.372602739726028,3976.34,Dormido
06ca5015907f43d644fd5a91ede20434f6fecafc,5.3863013698630136,13480.42,Dormido
989412e818ab7ca242cdfdbd3fbba2acd00b0a1b,5.410958904109589,12851.28,Dormido
acdb27423ce7a1df705dfd9d18337fa9544774be,5.410958904109589,13479.73,Dormido
e3d5ca5bff88434711edb6aacf266beedc44e69e,3.7205479452054795,7204.32,Dormido
89148485df0d33105af6851f82277226db50dcb7,5.424657534246576,6738.88,Dormido
18a53fc225d64401086c316fb899833b6d639c78,5.523287671232877,9125.71,Dormido
e7dd27b82568166b7aa92931f04b21b0da0fc213,5.534246575342466,7783.8099999999995,Dormido
b5d350b1128e6753568aeb224163d5dcf0c8da76,5.6136986301369864,7845.93,Dormido
be2b92813b37ca91eb20268ad1a6ea63888285d8,5.616438356164384,16464.31,Dormido
7edfcd56ba7608723a0c97ab03a2756b1d40e6d2,5.619178082191781,10330.77,Dormido
4e6f30dd103c6e6e0722ef129463731309308108,5.717808219178083,20197.61,Cash Cow
9586829eed3a6f674cd4d978783e519965bae350,5.736986301369863,10224.8,Dormido
84074d151c1e63cdeec829181a59d9478595abbd,5.7753424657534245,5942.15,Dormido
bda00303d27062b9d0eb2970a79d54cc538cf157,5.887671232876713,10711.630000000001,Dormido
933b47c845ca779510d534ffa44f83329f0efc14,5.890410958904109,14956.8,Dormido
daf24442dd672100282d0b3995a637cf5e7b7960,5.942465753424657,35317.83,Cash Cow
4a2976ccaf7d5784746167815823d58926397a7b,5.947945205479452,20959.29,Cash Cow
e33dd5843e1cd1c3972ab90a65dc81848775bb53,5.956164383561644,7844.25,Dormido
bac0e9d1b2241407cb417a3e6913387cfa7e23ef,5.052054794520548,26074.23,Cash Cow
6879453455342d5d2eb3b21436bc1807c3018f33,5.994520547945205,6846.72,Dormido
0e0eb9a364f2ebe899650011c241766b7c6ae7d0,6.054794520547945,1838.3400000000001,Dormido
acd31bc9020bf2f6ad27af7ef9371affa07834c4,4.372602739726028,8802.14,Dormido
4a2526b517380ba069219095d6b91416a88e6b33,4.238356164383561,13774.869999999999,Dormido
2b27bc3d5579686feab6d4f412a21c694681147b,6.158904109589041,6684.98,Dormido
441375fdce2120c1eb5d3704973d860c2c89f4d1,6.405479452054794,6182.03,Promesa
e1c58f430adc268b5893a4850cae1b94bf8761fa,6.446575342465754,13779.78,Promesa
155a6724b044c00b762c334737124fe4602cf0eb,6.465753424657534,54441.189999999995,Estrella
dacc0ac145f2a5bd2a0863364d7d1b3a1457aaf8,6.493150684931507,8533.72,Promesa
900891c32d4afe8e98a39de4684e18c15350c56f,6.52054794520548,9965.960000000001,Promesa
f6161a188ad5af65abf91a6330acfb8dacda6dd8,6.534246575342466,30079.36,Estrella
0ec221ac469162bba85cbd6a6ae83b73b69313e1,6.542465753424658,3631.9,Promesa
06a11e73530670c0ab02598f0a621b84ffc894ce,10.161643835616438,17874.02,Promesa
e2d5081beeee6b04588534bf47bbc64c4df97d46,6.304109589041096,11124.62,Promesa
2da57c64924a452d44912549aaf5049a3bc1078c,8.531506849315068,14515.41,Promesa
8d9b34966d8592ada34c6a7929237759b85ad0fc,7.627397260273972,10923.28,Promesa
c59a9663a700f80b76dfe4e9d40122cb404110c1,7.646575342465753,16158.08,Promesa
858db674cae4c86b76c3f344615e3a5c7627a03d,7.8054794520547945,6427.99,Promesa
d933e0b414034f16723090f187c24f8a73a3d875,8.01095890410959,8417.8,Promesa
37b99d7377abb8aa359cf93f293f51157146e178,9.178082191780822,5499.51,Promesa
8d37c46b384eba1320aca07a0b7773dc3041e799,9.56986301369863,13589.17,Promesa
af71d9941c1c6bf95011bec2f93aab3ef6f577a4,3.717808219178082,2997.47,Dormido
5c116b0c425ef3ee1e7198ab237b5fdb588cddaa,4.104109589041096,13891.65,Dormido
9d944a0df9d0ab74a5db9227cf2a6306f7569033,4.117808219178082,7310.94,Dormido
b710d064e6175ccc949b5410c02ff5e923f3acc2,4.441095890410959,10898.88,Dormido
b5c20589d155f24cd28d1cf9f30533e5f5a22270,4.446575342465754,1316.59,Dormido
95f7148846d2fa8d36d4201aa4c24af4c702bfc5,4.463013698630137,5475.91,Dormido
cc30d026bd041e02177ac78e89a35afecfec2be4,4.504109589041096,13954.87,Dormido
5dba57234dbf108ff3545c01a3192773e57c9a54,4.561643835616438,20415.25,Cash Cow
a7d391e783c585b9737c2f796f770bc7dc44ad4b,4.5917808219178085,13505.51,Dormido
55ebf10b7d7cc89cb08b6ab9b4bd12fc7b4421ff,4.736986301369863,11523.44,Dormido
fc775e89845bbe5f2a5f0fd94ff88f271381e1ae,4.764383561643836,4407.66,Dormido
9f81429db5e6bbc00c36d4603e728f7259a0452a,4.772602739726027,4839.91,Dormido
5983fcf00592189d319fdc00afcf0f1e6b2e5e19,4.852054794520548,12813.29,Dormido
3664ae66cfd5a77a5a5e4222d8baca2b11a5c4cd,4.920547945205479,6286.53,Dormido
b31a7784075027d3162d6a915c05e520bec6a4da,5.005479452054795,21064.22,Cash Cow
544bb44ecbbb710250981e155e9db7641ae39747,5.101369863013699,20810.67,Cash Cow
651f696b6514773a1834acb67c6a6aabb914dbb9,5.16986301369863,17964.6,Cash Cow
1504732b7781f3af8b48652861a1ea1e6ec4ff5b,5.208219178082191,15185.380000000001,Dormido
f6d3f859ffd9ce50b28578db7b3452e109c82a4f,5.2246575342465755,11259.15,Dormido
3d33532de3286ac0819c37ad3572a771752574ce,5.2465753424657535,17508.1,Dormido
2b23362864745ad74a25360f3bf4eb12b6eb69df,5.257534246575342,2788.24,Dormido
0431ee5805e9638f3b24d93812182ec88d7b8c20,5.2904109589041095,18421.42,Cash Cow
32ed85f39b2139c857e227d25c39fcb8a5f2d526,5.389041095890411,7927.99,Dormido
a5bd54bc9a7ddc82ffa1fbde4a320991ed6155a9,5.457534246575342,16828.62,Dormido
5ae12c63593f0c14c4e9d5b834d036ed4df3f891,5.46027397260274,12632.51,Dormido
5e762559eef3de0ff32496956bc3a2c641a7e66e,5.487671232876712,6873.65,Dormido
3775c3afb11d4353bd6b970a5493a547fad61052,4.534246575342466,13648.82,Dormido
a29a2f569c77d4eb2370305483ca2a39f17bbc9a,5.52054794520548,5435.58,Dormido
588549b1f3fee81ace48f0bf69007bb8442179d3,5.545205479452055,6979.21,Dormido
37e36e2ed1a39404ce9270b3f564cb7afa4b4b8a,5.6,4255.66,Dormido
f9dfa4b57f3fbefe0a932ae8a4e5c56eaf4e8705,5.635616438356164,7312.67,Dormido
341cc326e0851894259d1e0cf0054966906cc8e8,5.652054794520548,15951.75,Dormido
d79301179afb21ee244e4dd1dd539564fd65b42d,5.693150684931507,10070.57,Dormido
e8b5308b32e24f3333d5180ba0d090cd12591783,5.728767123287671,30280.51,Cash Cow
0e91fc4b2fd7104e53c57c2500fc15deaa0c335f,5.756164383561644,14192.38,Dormido
0686ef5970f3e3e29ba54c0e82c22364cb1ade90,5.846575342465753,21484.0,Cash Cow
7bc4125707eefec6bc75330752b569049467e967,5.865753424657535,12211.49,Dormido
600bcaaa54e4b062801f7eea3f08541e97ab3dce,5.994520547945205,14582.33,Dormido
c29798de297478fee2308ee3e12cd2dd4b44bb78,6.024657534246575,38677.08,Cash Cow
b7c3a205e5fc6fe2fb4a0f26a5ca6569187dd50c,6.158904109589041,27009.31,Cash Cow
48a4e33204d499333c4b8d7bc8fd4ef6433234dc,6.23013698630137,18903.51,Estrella
909503ac66a33beb974546861a29b9edc1d154af,6.2684931506849315,8365.95,Promesa
7756640069a6b56d01cd238ab20de08e97c7c798,6.273972602739726,11756.6,Promesa
e52c709c7147ad2c5fae1049f2d8ccfffdcab197,6.2904109589041095,5667.05,Promesa
dc7685e74f614b20b1a9738b5a8fb091c7c0854e,6.35068493150685,10516.09,Promesa
f827b1b18787c476a5c5c5bd3653aa2eef3cf9c1,6.4082191780821915,9037.83,Promesa
35d11a28bedd333dd4abd48fbdcdda0199f12462,6.446575342465754,25892.19,Estrella
1137144400298dbcb716b2ddb2760991989015b2,6.484931506849315,10139.82,Promesa
1149bab4e75af718cce2cdab716824e584c3d947,6.515068493150685,12959.89,Promesa
38aea4f15b9ddd201ad4126c09ac898ff4fa26fd,6.536986301369863,7790.13,Promesa
48ac89a09a8508ea30d855fd22439b1cb17cb8ee,6.553424657534246,6257.01,Promesa
fb31fbf220277579fa1b9d3404b3c574f033d27f,6.558904109589041,7187.05,Promesa
d086632b1bcbd27e4f05b991dcebbaefee31131d,3.671232876712329,9278.66,Dormido
dd368088ed7f37b40f51156847449a0ed03f8e06,6.616438356164384,7531.6900000000005,Promesa
8a6c7204712c11c08cdb6d6397e5a7c710610d83,5.6,10234.24,Dormido
7298427091e4bbb77db0afbf9b2b8be3cf9bdc93,5.63013698630137,15709.48,Dormido
13242b4f5148c8c33d07d94dfe506e8af3fd51f2,7.23013698630137,18584.13,Estrella
35b952a27bd455afcd2546744cb6797729e37dc5,3.4712328767123286,13693.880000000001,Dormido
fa31f13707cdc920488dfa3c400ce9ad753795ba,3.4027397260273973,7389.13,Dormido
f9674cccab9da1fac99c0cfd46da9029be31ea64,8.112328767123287,23102.81,Estrella
2b123fc6b4d0f90d942e2a59f3973d05ae9f36e1,8.241095890410959,8685.56,Promesa
8ff077cf5a0fcdc8a9e9c7be296db30c2330d9ed,4.197260273972603,30676.64,Cash Cow
a4a7e21956e543379c52a4b6737d87ce6481ce1a,4.232876712328767,11224.65,Dormido
24ab4d5471cd5dc3ea7c448f48d4af894996c9d6,4.287671232876712,17239.08,Dormido
21edbd2c54a64bcfb9ad0226eef2cdf10b660d64,4.306849315068493,15314.34,Dormido
634c4e7c1c9666e5245b1dab2e69a3966a93a55b,4.315068493150685,37919.42,Cash Cow
10b8bcff4152f34cc185649489c19bb75acdd333,4.372602739726028,11635.65,Dormido
3fb5cbc62935f4c3ffdffd687d89dbee1e3ab033,4.446575342465754,61629.37,Cash Cow
bbd4c87c8a8cb1219a115d7c6a2324284653331d,4.578082191780822,10072.09,Dormido
e094e0fdbc30c2c0a58b1154ccc92d8d9f63d7e8,4.641095890410959,2334.84,Dormido
0066f66c7fb0d1102f9f924a56ff65a5fcaf3cea,4.652054794520548,24285.8,Cash Cow
a0324149308185fe89e8eae563146bf3699373b2,4.67945205479452,27619.95,Cash Cow
50455a1ab19e725b072401133069e4c450776be2,4.7534246575342465,5834.07,Dormido
10038dbad4635f198d7c48b8a75dec05b2d33980,4.786301369863014,7809.23,Dormido
38c9bb1fe98f0cfbd772924a967712e29fdbbdbd,4.884931506849315,4449.84,Dormido
23024a49aa80c0885777892528f446c9999b584c,4.928767123287671,13161.44,Dormido
59463b72358b88a519d47fef01422dd90679d478,4.947945205479452,10623.45,Dormido
66514eb416f23a1fc96ea886ed9013f1d7e47576,5.005479452054795,5511.98,Dormido
a20af678527db70e8376fb01d5d2c211d52d8a63,5.079452054794521,15441.5,Dormido
9293229c981183b01d9f33bad59b90348f6c1e07,5.101369863013699,9916.26,Dormido
8639f50df7cd76bb2ef6f82a647ccfa11cad692a,5.134246575342465,2020.93,Dormido
5a31e1c2f2dd2a4443f0edd81e38dcd4e63006a5,5.175342465753425,2511.45,Dormido
731a25b6b50f92aea3048d81468d5b0e0285ec78,5.273972602739726,9577.92,Dormido
352f6a15a062b6ec9c5ebd1be3df144e523ec97f,5.276712328767124,5596.76,Dormido
4a6b436f751a3e0826111df83288ac4a15cc8a7b,5.347945205479452,5995.16,Dormido
318aa1bb8b74e7a29a048648e962afdd4754e21d,5.353424657534247,20015.12,Cash Cow
55916882ee476f1d3819d121946ea97945071324,5.353424657534247,11873.99,Dormido
d4d6b0e75dff26c5874359e40ec942a9fc3b44d7,5.468493150684932,30165.02,Cash Cow
755c7f9e94e2ac5f946e95d4b644d2f7a033d049,5.504109589041096,25390.36,Cash Cow
ce82b93a449868b08a89e5090f84ec9d64d8244f,5.506849315068493,6512.07,Dormido
8be9d16084ffd243be9a701257f2321fa0e89fe6,5.506849315068493,14607.55,Dormido
2b9bd1e760a7b21b7a68a48ab066f57178a3c2cf,5.523287671232877,11317.05,Dormido
98402e530a02a209c437681b0aa1bd194bd848b4,5.558904109589041,18885.64,Cash Cow
f6a1eae0932229c7e15d645b86981926968fac00,5.564383561643836,18635.64,Cash Cow
ed4dd39f391e02541354237644471f86f80c5665,5.564383561643836,15337.880000000001,Dormido
a284884e58891c89c5901ead15d973634dd0edad,5.575342465753424,9288.1,Dormido
a0a5001e7c4fa7e7327e38abf619014426ad3b30,5.594520547945206,20500.77,Cash Cow
70914dcfad50caea735fc18617bd8eaf8042e55e,5.602739726027397,7222.4400000000005,Dormido
4a6e530968c2d75bdf953536dffc3ed73c171adb,5.6876712328767125,25382.55,Cash Cow
d12a58b2964be79458dd266c7140da4926729178,5.715068493150685,14006.55,Dormido
1a05782def66e1904c5dd40e255e21c4fc0a50ac,5.726027397260274,12878.92,Dormido
64c5cd406031935a766b57fb3deaf671b5e71c6c,5.794520547945205,15526.84,Dormido
a3b1d09c6bc2d8caf5cddea036c7da023345c6af,5.813698630136987,18005.09,Cash Cow
faaaa72f9531d0e63d814a4341b5a21efa913fed,5.86027397260274,17930.11,Dormido
fb0d4634bfd8d909cc77360d485f9aa701e05668,5.93972602739726,10595.56,Dormido
fbb2eaba469e53937829fc7ae3be48c183de8698,5.947945205479452,12349.59,Dormido
aa8f42e25a276157c98010bfde6f81bd116350e5,5.994520547945205,12647.66,Dormido
dc7deeed7f0ee843df681db92043894bb1adfe81,6.005479452054795,6307.04,Dormido
0e88c6a4def87b721b3e87a13684bbb4b27bff05,6.021917808219178,6884.31,Dormido
e7d1cadd6c82b310fb890922b7d12fc422680443,6.1945205479452055,20104.17,Cash Cow
e53b46bd85606eac57265c33833c7e88f6bc574e,6.2164383561643834,9458.22,Promesa
767ace30e46ae862a0f0e2188c2c10c970e628b8,6.293150684931507,7843.65,Promesa
7cfaab17f2f6674493fecada940adbb22d46cdde,6.367123287671233,12962.39,Promesa
95ea249610a42069ff9971a36bd269ec9648c0c7,6.465753424657534,11011.65,Promesa
7d1781ca25c6b9193c63f0c31b48496f69ebafe7,6.504109589041096,20034.02,Estrella
48727f042c4ef97e85d65fc0262b741536b9259e,6.52054794520548,8578.92,Promesa
c6ed7b76274d0eb704a7d2e767b21ca165ab4f07,6.542465753424658,9038.05,Promesa
3da0a71095f7e73245688514eeda93c83a4f1c57,6.550684931506849,15982.61,Promesa
9359dd7bf60abcdba2ad28acf353bdd95da8ad1f,4.641095890410959,20445.26,Cash Cow
a561598c0557841fe1afce6f22f4d9dc2693349c,7.449315068493151,6598.84,Promesa
7cdb79ce86ee85899b8eaf273922ff9126533c04,7.610958904109589,19064.58,Estrella
f235f46f46af9e68da838296934e54a75753db39,7.610958904109589,11624.51,Promesa
6a9e779aeaad04859d376e9f3900502773e8cb49,7.802739726027397,8000.65,Promesa
b64721f7b74e2313dc269403b45889e9e3012015,4.641095890410959,13439.460000000001,Dormido
ee347b1bded86c9f06268ba899a4c63a00f89845,7.958904109589041,18113.82,Estrella
608a14981bc11bb66ccaadcbeb5556ec6b53d9c5,8.032876712328767,9021.15,Promesa
948cae8cd75b15b68122521d530ebbc249d2178f,8.284931506849315,6649.49,Promesa
be1860c7db721701aac2254d0963a1287954a13c,8.361643835616439,17534.45,Promesa
90dcdb6ecd699f0c7772e12fb21255f50fea66a9,10.32054794520548,17586.62,Promesa
45c81f79d6873b1671aeda04d3e149215a9f9c11,7.221917808219178,6485.69,Promesa
6e0374760c31236707dbc067ba54f97138836e13,8.657534246575343,4360.87,Promesa
303d5c632f7601e1b111c363a7e63caba936c1d7,3.712328767123288,1942.21,Dormido
5e19d7b6df15f3d7f96884b866a465f3101aa88b,4.0,23885.44,Cash Cow
9b876fa6afa38bcde1c9cf623c97bc6d72c373df,4.098630136986301,3792.28,Dormido
5db18df3b6c2333b245348535b7a4da1ca0bd2c7,4.13972602739726,3403.79,Dormido
f04b7097ffc7a493b7cbee320077e820c3c4dfd0,4.232876712328767,8223.82,Dormido
a64e33ddde94fd25efcdc21806c24cf254bf7bb7,4.293150684931507,12190.06,Dormido
c5c8ad0ca3a10e1421c8ec4759ee438ce4f96ae3,4.304109589041096,26660.75,Cash Cow
8b52652735c76886384a04b48de015c41b8a3c97,4.391780821917808,7440.66,Dormido
1f44a491bb83cf8201accbe64e4044edce21644a,4.498630136986302,35913.3,Cash Cow
b2ad3f138a63439e4334a3feecec057b5f9d0151,4.534246575342466,9074.74,Dormido
4667c76e03053ebf9facf3a720ce8864d6053aff,4.602739726027397,7020.25,Dormido
15cfd7572e402f7b5a63994d01ed4f3dc2f6ab5d,4.64931506849315,13931.73,Dormido
029be42d942d33a14cafeef661143d8940a9efa8,4.66027397260274,10189.95,Dormido
7cb0a722b5295c1e3fe63a34d8f0a39735f48c59,4.726027397260274,12449.12,Dormido
4582b824657edfc5d98afeed18cec862eb7529a7,4.7753424657534245,27134.79,Cash Cow
a91abe00e64d64ea798dd6af5ba30b717c254143,4.802739726027397,28044.5,Cash Cow
28be368eb32c6f0d0678f565aea52b3514244184,4.813698630136987,10656.92,Dormido
374b3864a8a4ec45274b95a538b472ef639dc4b5,4.884931506849315,8305.16,Dormido
a9f8a55b4d45b327ab1bbb2b13957a5793211e5f,4.93972602739726,13785.119999999999,Dormido
2c66d7617fd7f5ad2e1186af9fde8ca68a5050e2,5.005479452054795,3489.32,Dormido
512c437bf21682a382869484f58f92ab1fd0e6bb,5.013698630136986,13197.53,Dormido
32287a982f01844ceed614cdcbd5595c839c0faf,5.016438356164383,101195.51,Cash Cow
f0b3d4b429d76883019429ddc705849dd52e7989,5.197260273972603,13418.65,Dormido
18c6c39219059e0995200d725c4c678e22a8ff3d,5.238356164383561,7429.04,Dormido
e2cafbb1ddd2f71901ab0728505beb88af99e8e9,5.238356164383561,15987.85,Dormido
fc02deb85d95900d93cc79255135f4fb71e33d93,5.293150684931507,8680.84,Dormido
5337e135793c689cd42384a59cfc0734e156a0d4,5.361643835616438,26243.56,Cash Cow
9387a7f682cb111ecab07ea34594d897375e46a0,5.383561643835616,8958.41,Dormido
8cdc91b8f618472c5abb5a02ba6c5c4caa714216,4.315068493150685,6992.49,Dormido
e5013ed79b834f2d13dfa702abf3572720237a37,5.506849315068493,45867.46,Cash Cow
cda31b10fd32f693212cacd33091e6c055cfc9b0,5.575342465753424,5730.7300000000005,Dormido
1baf880d1068916c6a97c1f9f1e1a4992c112004,5.6876712328767125,15339.05,Dormido
6faa3ee0e5a504273037aa40982fffe22257e9f3,5.698630136986301,32547.68,Cash Cow
3e6bbba854dec9e883e941f4e58f205093a9c738,5.712328767123288,17721.98,Dormido
6ff7bf796cc1c0f3ef8792b317c4bb9420d98904,5.717808219178083,14130.29,Dormido
582e15ae35229c32efddace056a2fbf066c9c2b2,5.736986301369863,22078.9,Cash Cow
7e044ea76ba6840d53b440a538cf2ae270041ca3,5.772602739726027,13827.09,Dormido
c7ce09b9c155c50dedb7f2483f8dd7d2f585e66d,4.8273972602739725,16317.74,Dormido
e485a17e4902e9cb26ccae0748a2a135cf00af0d,5.7753424657534245,8309.72,Dormido
cf6a5919385420851cd022787b7f73ec1e11e494,5.7835616438356166,25541.28,Cash Cow
14cff7d231f81bed4d9cdb097afbbaacce2bb32b,5.791780821917809,7863.31,Dormido
983d582d5cd7763d3b446a440287de609405833e,5.802739726027397,25319.0,Cash Cow
355af65b99244316bcca3eac93108d4c19a55d62,5.810958904109589,9580.95,Dormido
e96f434db883f00393a0b09c7f65058893204da2,5.868493150684931,7267.1900000000005,Dormido
b7fab95a4afc9add00b1a3804777f6cbe4269130,5.882191780821918,6855.85,Dormido
6b759fb4fbc85f65f971b86b71e30d46b304b0ce,5.887671232876713,7540.07,Dormido
1011e03592e1268075e99ab982c66f9d03a61443,5.967123287671233,5104.55,Dormido
724cadcb7d637ca3f76ecef48b0ebb849de02951,5.986301369863014,5769.15,Dormido
0be4d7b035874bc846e23a579c637094a647b044,5.986301369863014,8030.72,Dormido
68c8775caee5439001503cff4ab60d9a2ac8c0d9,6.002739726027397,9099.11,Dormido
2a892caf801d099e30e95ab6cf01fee49e69d126,4.3123287671232875,2132.79,Dormido
f688c362e523c607788c63b25c46e84d347b3833,6.021917808219178,6791.6900000000005,Dormido
34f4a11f23bb216e73953628d530d015823f73d3,3.9863013698630136,14678.24,Dormido
cc2682506f47e28a3ea531bdbe3aea32fa44949c,6.136986301369863,16370.75,Dormido
f87733f545a5ad852cdc4df9713715c76bfd7503,6.167123287671233,20013.010000000002,Cash Cow
ee8e7ab3e1ef697209bff6f5a8ddd0e35d16520f,6.2164383561643834,10464.92,Promesa
721bcf16a1413836a3484f26aca4c4ef46201860,6.235616438356164,10079.58,Promesa
7f8453c4e52e8b082868bd28284939b8ec84a6ce,6.345205479452055,19161.27,Estrella
08b58fa544eb71cf1fde51fd4ca077166653ec29,6.36986301369863,6880.79,Promesa
12efd2e563c31368e7fefc29459ebb0636f5c8fb,6.419178082191781,8271.28,Promesa
22da312490a4c7baecab07d8bb025504dac58461,6.46027397260274,39618.24,Estrella
57f5e3b6f6737f9a588cba70555b539725a41a6e,6.473972602739726,13492.300000000001,Promesa
2a98cd9805e79d84f8577368ae2bd34b20cbb3ec,6.482191780821918,3988.46,Promesa
67e2867c6c43f1586acc2b898047e81ece71bc38,6.531506849315068,13639.57,Promesa
a6f5e7d206f1ab8d5952fec788a7577becf9c76d,6.542465753424658,8969.34,Promesa
5dea7c86fd7d3f666ca9ca33c69f009c78a61f33,7.610958904109589,11564.81,Promesa
57aa0b3f964f3a37538e7375743fd1640e5a2991,7.652054794520548,11236.74,Promesa
9ef10b24c79919391e3f50f7d5eb461bbd609f2f,7.210958904109589,15717.6,Promesa
78ca9030f33abccdb93ce9e1ffdad2bdf285b01b,4.353424657534247,8911.960000000001,Dormido
064a7e19386fffe76845c0af12b8971542af1270,8.87945205479452,7872.5599999999995,Promesa
38490bf6b01a57eabd7b2a88b2cd9c6319763eff,9.183561643835617,14945.16,Promesa
1d7e06fb4e56e8479947a885f433f2d38b83b08a,4.046575342465753,27803.77,Cash Cow
65323a2f9344e7b8729f907eb525496475921b2a,4.13972602739726,5961.97,Dormido
88c6aae29acb00dea92921e4c6cd6c86971e622f,4.156164383561644,8529.83,Dormido
825a553d909caf4aaab4d01d171708241cc6cf8e,4.219178082191781,8422.43,Dormido
3756fd30f780bb371da21f6233b2813da6a66f32,4.383561643835616,7313.06,Dormido
b98cf65853a72e51c42dd81fe2e2e2120f4bef53,4.5917808219178085,11180.83,Dormido
2866a43d62f992328f063167fa2daa8810bf94b9,4.638356164383562,8147.13,Dormido
71f0def5b6eb244227f3178c5ffaf8d01a34c644,4.673972602739726,8570.42,Dormido
19083d810e11d4b233aaf064d22d8f20a57fa18f,4.717808219178083,5887.22,Dormido
21a634e5c4dc9c243a5d48a09814b55da8695048,4.813698630136987,20948.64,Cash Cow
3d7a65986ee6b363e6e612af32d2d98b611e4345,4.906849315068493,26451.46,Cash Cow
d04a6f50792e6f3b35cefa853015bafbf66ba2e4,4.2164383561643834,20286.13,Cash Cow
28b25d8e7386973d2f37a308cd998baaaadd94b8,4.923287671232877,11900.42,Dormido
98fe1ff6ee599fe387dfddd517acf1e333150a01,4.956164383561644,11556.74,Dormido
a1815c5aeb53bfcfcc67c76cb246a3a2a79afe08,5.052054794520548,19855.13,Cash Cow
33186fd11098854178144df7bc06ea95555f9f4a,5.098630136986301,9426.26,Dormido
3d14b7dace516a8fd9e9b7422ddf86d67dec31b6,5.101369863013699,2473.42,Dormido
f054e14506e3b3f78a6dfd173dbc17e63b628146,5.147945205479452,6263.38,Dormido
fa3818a5aa44edd9629ee46c83ca3e106a977d7c,5.191780821917808,9383.98,Dormido
193df2d347c800efa8441c7b2403271da9ad437a,5.284931506849315,37721.34,Cash Cow
8e0ace2e33ad0399023ba42beb7b0fe1b10ff04d,5.306849315068493,13130.039999999999,Dormido
e18a0f4ba29d87832a895daaa1e21b7c5d3fdca1,5.3123287671232875,19274.85,Cash Cow
5778ad39323391645600bd6b8c8bf50ea9e0e979,5.342465753424658,17358.57,Dormido
13383ebd8035511afaafc654962903d45856210b,5.361643835616438,8605.64,Dormido
6dfd8f598a7fb6e9ffcb19c274af30e1a5651fc3,5.523287671232877,5586.57,Dormido
14c945505e92346138e19910742be93a34fef2c3,5.545205479452055,5146.42,Dormido
8c755752bfe4df409c27a289283216cefce8816e,5.602739726027397,17575.72,Dormido
609aacbc80e6a412b16e029c2804c1a47b956240,5.641095890410959,22109.65,Cash Cow
19f23ae495f6fd4277519a2e6eb30f0b24d738fc,5.66027397260274,6881.54,Dormido
c8d4cf70c436699780ba6f1a8efb8a7adb6f8b0e,5.6876712328767125,13958.43,Dormido
644882538aa1b17b4efe866984ee11b4e410534e,5.726027397260274,23925.41,Cash Cow
5ce61f3272e048d597c4c9542d5749292ca8a582,5.728767123287671,12584.81,Dormido
be59d08b33d1a1150a27fbf0aa6150b9a1df8ddb,5.794520547945205,18267.96,Cash Cow
9084ec79e650734c8689e3fbda1fd19bfd0beb60,5.8493150684931505,7704.5199999999995,Dormido
486da6137f763fe25d2e1f0a6c350643beca4749,5.967123287671233,6441.04,Dormido
7bb2478c37f4cc9ce97a4a3038f2b54d4ff5065a,5.997260273972603,14872.69,Dormido
f39b1b650f61b74be55bc74529b5445545a76e0f,6.038356164383561,22132.76,Cash Cow
6f1d0eb30159f8416b93f445d35d8e210a5033ff,6.043835616438356,7227.0,Dormido
56fbda0a3f6e0a1f390c9de1f1aa0738598ae3cb,6.095890410958904,22139.29,Cash Cow
e63814291585a4798285e1a56ca1c5922cb40809,6.2246575342465755,18167.91,Estrella
8ee0c4e590692c13b5d2d75745708c0c37429742,6.293150684931507,10799.2,Promesa
072b18c67074cbfff8122908e96cce23d19fd18e,6.306849315068493,16554.1,Promesa
ea055750fc787d8638fa1494cba27d469250f888,6.30958904109589,21922.4,Estrella
b6e11578d4b788c74a87b53f7bb9a336cbab4c7f,6.342465753424658,8138.48,Promesa
f6513033c14b49d70f2002e7701c8ca9a6b09410,6.342465753424658,5955.22,Promesa
d554051c1913aae51c88b64d841cf922a5f44844,6.35068493150685,17974.99,Estrella
f9690cbd8da49a660af7bf16b703e895f65bce7e,6.35068493150685,4913.15,Promesa
8849058fd68a319f2b641b6311df75228975f196,6.443835616438356,17552.83,Promesa
4bf2cbca467dd940c19760d80d739863f13a17ef,6.463013698630137,14478.03,Promesa
5259c58510da270998a838f74420a14c4326c218,6.465753424657534,7567.9800000000005,Promesa
6bfe027e5f30a5d6dcbc744c3e3712966d6fe9f6,4.610958904109589,4081.08,Dormido
c77e1638401cf69ef9c46de6611929466b739b06,6.536986301369863,13293.53,Promesa
7a8b1a65a566bb11a80d1381aba840f8dfde3c1f,6.550684931506849,25563.35,Estrella
ff67da037fae796809be0e36fb9cdd0e191c38a4,6.608219178082192,17879.34,Promesa
e32af034b3e3736a180a280acc02259817ab9ec3,6.608219178082192,9195.32,Promesa
710f13196a0f9109e22bc73c2fe76f22fbef3dc1,6.750684931506849,22719.71,Estrella
8826fcdebf2eb8d6493ea4039ca0555281c936bd,7.279452054794521,5697.72,Promesa
205f300d7419d89f8b0b8d524ae98b069a4e6b9f,5.002739726027397,6384.0,Dormido
5fbdb84f345421d7fef0d0e939fb6306a11a03f1,7.410958904109589,15857.19,Promesa
3fe4f68c28036aa4b14033bcd4fd8d3b714248b2,4.66027397260274,41923.99,Cash Cow
45dd96a1dc64e4185fbf83e4948e33ba148cb45a,8.2,13078.73,Promesa
6e88ddf7fec42fd34cf13670ce1a9c458feca6df,8.208219178082192,16649.68,Promesa
cdd093c5a2b0ee2dc8a7b51a970d599c8ae6eee4,6.282191780821917,17646.31,Promesa
d40ba3f8d0b0510535c4e2566c77d31bb6eb1d3b,9.27945205479452,25942.960000000003,Estrella
4547dc376e7d4d3b3076d887f6389c0dfa1ca6ec,4.024657534246575,4381.02,Dormido
b00279fb16bfaebaddb54c8a99f2ca01052d1c52,4.063013698630137,4773.47,Dormido
691131f1b1ec1d18a55e734fe95b31f3d7cd9463,4.178082191780822,17346.99,Dormido
69c50b2f7080b64f7347f2103c1d29817f05bfc2,4.3342465753424655,6119.95,Dormido
457838a93f97361ca8509d67bc2781f66798f284,4.410958904109589,14569.73,Dormido
3c5fb898e8a5123c63af7e51eb27d9bbda356db8,4.4301369863013695,10522.41,Dormido
b89ce5f8732dc10a25f5e155bc276a7ca019f73c,4.482191780821918,9494.56,Dormido
03a0f8bca94b5801342b9b479213fc548b3f0dd1,4.498630136986302,24566.54,Cash Cow
0decc976b7210aff945d6f0726bc267319576fa6,4.526027397260274,8697.09,Dormido
5ad912a1ee6a03a1aaf8c25b3d55c51cfd6241e9,4.580821917808219,5631.27,Dormido
58b29cd6b54a7c9599caab6f1b5e566a4739eeab,4.6,17260.18,Dormido
70b2108bf2ef4a8f5c48c7e37aac4c2fa10f1831,4.6136986301369864,32425.39,Cash Cow
b9883152901134619df4f4e015f40de95c060392,4.695890410958904,21605.89,Cash Cow
2966b3f7fe735ecb30e21e1a747a616bd84c32ea,4.808219178082192,8153.61,Dormido
85c9251008b354f4a9c13fa824257e5ec95eea36,4.882191780821918,13072.41,Dormido
4a3f6cd27b2954589501feb2addc54d50426cfd6,5.043835616438356,9902.62,Dormido
7777ea458a673b6a56a928b2635fee715d991fd7,5.071232876712329,9993.57,Dormido
2ab0ad212f835d4a71f24814cd5acddaba23499d,5.082191780821918,10694.5,Dormido
640c59598173b1b6fe6fe9550f16973855a22a7d,5.153424657534247,8415.42,Dormido
178667f76d2cdac1d280275b655fc43f94c5f684,5.276712328767124,6890.9,Dormido
a4b1806dc8df069494a3386539cdd94ecbfd15ce,5.3342465753424655,2008.33,Dormido
d8958c04f39e2444596b7030923f81f5ce1ab94f,5.389041095890411,8040.69,Dormido
e124107d427c7e1008a4801058040e2d220b48c5,5.446575342465754,20672.61,Cash Cow
4f17b34cc13c2d6b2902c62f65ec8fe66e7800f6,5.476712328767123,9110.9,Dormido
96e6de6c2996b73ab71226f87683aadb398edd16,4.13972602739726,8934.02,Dormido
0d5046acc98a944a452ad463109e296e1c2b5ada,5.504109589041096,13178.01,Dormido
a0f2143d9a7f85544a498351a6b08b2606c91552,5.515068493150685,11268.22,Dormido
5c6052ff34f2bde4660c30bcb145b6cbd48494d3,5.523287671232877,7759.22,Dormido
b9ee4d87f1dfb8091d1ba5f41a0e15f3cf8cb219,5.53972602739726,17844.07,Dormido
d311196782c8235ec4a7328fc2ca43f2508a891d,5.556164383561644,39950.22,Cash Cow
18e076d2bedd0c317d8c602959f19778bd80dad3,5.632876712328767,10140.73,Dormido
d7d1c3899f068c50c4cf36d1d5471ae4be3b8fcf,5.635616438356164,23880.21,Cash Cow
b5dc5a33143864b01fcb864b2c73f4213aac921e,5.676712328767123,4758.36,Dormido
d770a39bda088166cc9a88a2669058cf74fd24ad,5.7534246575342465,11913.7,Dormido
701d2d0170b57912d912c95baf14488d52edc0ed,5.76986301369863,48655.44,Cash Cow
74aa2f52f2d9b14d8830d7650755780a73ac9294,2.9945205479452053,70365.36,Cash Cow
de3f4a335d5bd366fa2dde898cfb9a4480141b35,5.882191780821918,4195.19,Dormido
9fbdcb7d991a19947b14a8aa6d2008d8fbc556aa,5.882191780821918,6835.5599999999995,Dormido
7b6b767b7d186d41f2eb825ebd6a52d09b68573b,5.920547945205479,7624.67,Dormido
86517617ba88a7a340b92fd5466c743e195a6381,5.956164383561644,7180.85,Dormido
118b9c12c0cc787f35910501b6fc56a1044616ec,5.961643835616439,31651.5,Cash Cow
c27b4f23ece67516a9db6140149013227d33bfe3,5.967123287671233,12419.58,Dormido
9cf1644d1e64bb2bead0aab1b108a451c8332143,6.002739726027397,13221.94,Dormido
51730a5cc96915dada5206855d2cfa91e2bb823a,6.063013698630137,13002.86,Dormido
7ad8823e130d5da2480a3d5971760ee30a6d2a2b,6.156164383561644,13771.37,Dormido
cc52c5040665c98fbd9ed8b54174f124882df68b,6.167123287671233,13258.15,Dormido
e24a41398227a09665ddb8c373f9d83ba786c34d,6.265753424657534,13072.539999999999,Promesa
3ac25ec7fb34ad0b2e0a19522a5e254069d5c491,6.301369863013699,13049.05,Promesa
77f1883677693ae9d1286d16b4ce3208eba85711,6.331506849315068,24688.15,Estrella
a32e74d4f7bec358001ea6c0c283961de74cb5a0,6.380821917808219,6427.24,Promesa
f5f90a3c3c1f0cf85782cf5acc300bbf07073aff,6.515068493150685,4903.19,Promesa
6bd157a2af891f2e54c6cca9fde28cc46fe1dbbc,6.542465753424658,23288.26,Estrella
510c541570e23102a11c027b62eef78738939ee1,6.616438356164384,24486.12,Estrella
e1a5da3a5b01aa49bf60ea885a088885dc3f046e,9.213698630136987,17662.03,Promesa
3f3a1ffbc6fe6d883901593fdb2a6f1334bfe822,6.7835616438356166,19068.68,Estrella
866146f5d969bf6394aeac5cb1290da4bc85d93a,10.934246575342465,10634.2,Promesa
c02f74daf2f7d15b04528eb001361ff239c48160,7.526027397260274,8173.96,Promesa
a9c2603de56c371022f3b03cfbc5e6bd2cf2b40a,7.432876712328767,13147.210000000001,Promesa
3120175b663c09d1900a0d93ea425409e80d9065,5.884931506849315,29297.29,Cash Cow
4fd1b99d3b69d6cab1377b24ae4bbe937ba452c2,8.180821917808219,14562.51,Promesa
20dfaed3de03dc36d646ced9ef3f3107135bf261,8.432876712328767,6048.96,Promesa
b82958de68240a0364e57aa2e269575d62d34619,4.136986301369863,8911.26,Dormido
bf6c06fe4c0ecab18f2a1dea343380333ef3ad2c,4.1506849315068495,4269.11,Dormido
6419c03c1ab2381fd68697ff83da7f70598d5de3,4.178082191780822,29963.8,Cash Cow
56e8fe4162363467c910e0adb281201068886b5f,4.219178082191781,10138.77,Dormido
f593cbf4a6ffc532cdbdf9a316879105770a364a,4.304109589041096,11999.8,Dormido
69667e5374b357bb154f7e43301d9fe63d988377,4.389041095890411,16338.51,Dormido
ae89ee98920451694ef71179ad578a609c1f1849,4.4,8862.95,Dormido
1c43f059bf1be21b3d5335fe526edb605441b279,4.468493150684932,1745.91,Dormido
4b787ea38cf126633eb1880f5e9673d54a837141,4.597260273972603,22413.170000000002,Cash Cow
73239fd0c2156dd006183fb10db2a6ecbe1944cd,4.673972602739726,5438.96,Dormido
2ce291738ccdd8f357af2b3200e839d9bf417104,4.909589041095891,11107.94,Dormido
aeb4a009434ccaff9177478e4a281b7d05955290,4.909589041095891,17654.8,Dormido
d6f65740c1d71f01a2f759b597c53c00cf861d94,4.961643835616439,22545.73,Cash Cow
d9f21ad401c5b477060ba35bc2e701b5a147f25f,4.372602739726028,23711.06,Cash Cow
c254341cb03556c6ab24832f10fb2c09b534399f,5.038356164383561,2953.99,Dormido
1bf032b412d043f50f342abd63caf32c9ca8b216,5.120547945205479,8380.73,Dormido
95d618773483c5fdad248fda106729293a371e5a,5.1287671232876715,13065.3,Dormido
7894a1311b46a9a9d6d0532459efd86cf49b8d2a,5.156164383561644,8986.14,Dormido
32c7ad9e633961d426161e9d5f52d69d693ad2f4,5.257534246575342,11533.85,Dormido
c56b5f643de3f707457380554282baa023805cdf,5.284931506849315,12790.58,Dormido
ceeadf833691317b5164c3af3b5eb5bec6297809,5.293150684931507,7938.43,Dormido
afc5c75181ded2027b74c6be37a7750d141672ae,5.30958904109589,16588.47,Dormido
8a54bd5df337b542436dad02966fc4d39d257b84,5.315068493150685,5146.8,Dormido
cccb166e3dfd247a783a4dc37d8dccae02c1a9df,5.391780821917808,5367.84,Dormido
deb2832f62fb349bbdf8dcaadc142e5b2f52affb,5.523287671232877,14265.58,Dormido
85f07ec658a4786265c44d31ac48b33f9b9a7213,5.115068493150685,2058.14,Dormido
f1209ce4c621bff64af5dd695ba00834a8728fb2,4.304109589041096,12582.0,Dormido
ec6925a3e60fbf01a2f92187a63490f259cb6b60,5.64931506849315,6965.5,Dormido
e4b79427a66091cfb1464c7b771b9ff325d3f3cf,5.717808219178083,32421.84,Cash Cow
d1102cac569a5d0e3925f52aea1748056db31088,5.802739726027397,7478.43,Dormido
0d0f7fbf49570487b719baa9825e2813616b4eb0,4.863013698630137,9069.9,Dormido
eb5e5e38953fc2c50f2ad8238bbe27293f42e22d,5.810958904109589,30832.48,Cash Cow
4a0e9c1e7d21dd894cd6b6439e6048ed03dffac8,3.9616438356164383,12448.33,Dormido
5cfded7fb07a99e6f110514fd0621a863c41e6ed,5.852054794520548,7440.89,Dormido
248ed02cf2aaf651bec13d4560f4eea3e159bb2b,5.909589041095891,17358.68,Dormido
1369fc1f472280b9437b6e36e8ac4eac00dad607,5.920547945205479,13116.94,Dormido
18bfa1828cb73a941d6c9baf3dfbabd4045bbb86,6.0,22258.32,Cash Cow
56c6c0ba18cf03053ac17069b809478fea1e0923,6.079452054794521,10105.69,Dormido
a166075228e62cb7e1836c2b99da1fce7d0a4bbd,6.101369863013699,10301.29,Dormido
394e4fe69a80610192d1ac79396a655e45e0ee03,6.158904109589041,13296.71,Dormido
904f611f32e5a32347b2f5bf7b45d47d7be8666f,6.30958904109589,29155.739999999998,Estrella
9aaebb19f1f0c661c899f1b51c8363040357006f,6.331506849315068,14892.78,Promesa
c6f4341b49f0b31eb9c560de56751d4a2cab7190,6.35068493150685,11112.64,Promesa
d58b33bcc9b51404dfd1f03595a43d6b020345f7,6.35068493150685,15566.72,Promesa
93ed210af06f1fbb016f6c47c9a24a77549cc3b7,6.3863013698630136,14137.81,Promesa
1eb4fd9176e9e8f30737349e329b421f7a0d138a,6.389041095890411,21799.22,Estrella
25b4deea3e686cc2056b3f5e5cd6955b9dafa4fa,6.435616438356164,16103.56,Promesa
e9809ebe63d968407997d3da91f702cc06e3f058,6.454794520547945,3505.05,Promesa
a2a7b64ce3b3a11994ec707a6c023fad12d48ac1,6.747945205479452,15127.7,Promesa
427f0476fdcba1c99780578471e7d046c87573d8,7.663013698630137,14239.84,Promesa
12454b0533c41dbc5ec85d75835c5af0bbe80e90,8.254794520547945,9660.6,Promesa
e65c8a934928117a59fec231cb8ec2fdf8c67100,8.323287671232876,1849.05,Promesa
3195d197ecc32f99ce3853370c2c84c77ed37602,9.273972602739725,6969.77,Promesa
7846f73fbe7a378b83691584b286ff54e1856088,7.449315068493151,20585.25,Estrella
5cd9f234bdb43ee6e181b5dfacedbb25c882504d,3.372602739726027,11647.4,Dormido
1add80fc61028f13c3b6764b8b68e61e6507fbe9,3.4986301369863013,6933.59,Dormido
a067a554be1ef87814d404e46a03109caf067a0b,3.1671232876712327,33779.34,Cash Cow
ecfcc91d200e5dd496bd7bba2c18a7be382a3e9c,4.178082191780822,24600.55,Cash Cow
34c0a2a57f819002672a6f2865482b9a775f166a,4.191780821917808,24183.25,Cash Cow
4f54b58cd8248a48a3699238ea8ee24ba20c6131,4.2,21962.98,Cash Cow
8391ff755e5d0f9046039baf33a1bdea75e544ec,4.293150684931507,27436.61,Cash Cow
45bff3c73e358645915f680f0222dee6bd3fe290,4.372602739726028,12546.88,Dormido
f97f2b2a6fd7bfc104e6e18468f87f9af4527efc,4.4301369863013695,11774.45,Dormido
66ca0ecdca30f41c8f280c7590d1395e4f465510,4.446575342465754,12045.26,Dormido
9b9cf8b46d8a0cd437694377f89b220fa6b70e18,4.794520547945205,12792.1,Dormido
ab392368a31e3c4e388066cbe3fe894369baf499,4.802739726027397,6407.24,Dormido
9217509358f661d0ea3b2206b4bd414a83bf6129,4.8054794520547945,10594.38,Dormido
90a44c82a71aae25ead34b5e5f0d93e2e6ba2668,4.841095890410959,11940.58,Dormido
e5fe4afa9f64bab77fc22542854c2f62884eff2d,4.906849315068493,17303.28,Dormido
35e8b5181a0ae32220502065e3f8b2bfd3eb591f,4.917808219178082,7295.0,Dormido
adf0631d7bc45ffdd422b11258653c589e523b86,4.923287671232877,3823.66,Dormido
37755e3aa8941e5d997be23a564e70abf662ee72,4.947945205479452,2991.17,Dormido
ac4bc91bfa07d8f08793a9e1564a930868a72d7c,4.958904109589041,43062.0,Cash Cow
a7669b14fa85a3f61286f1af70c98edc5d32747a,5.147945205479452,9558.56,Dormido
944f8cdb4369831df168b8e4170a0eaf8d17ea6b,5.158904109589041,11027.97,Dormido
addebfd95c1b7303430d2cab69f579522ab69dbf,5.167123287671233,35067.0,Cash Cow
bf4ac2c9e1fcaa3fb965b91ca2e72a8e2f51aa7c,5.328767123287672,16298.94,Dormido
59d1d22e6f56b6054b043217a7269cf44444d32b,5.345205479452055,11687.27,Dormido
b220a8e71446cd82d95ceb63fb9f4a2ad4d058fb,5.345205479452055,8103.63,Dormido
e5ad37405ba40bf5761c9b0e9b5fabfceb84c14e,5.372602739726028,19105.22,Cash Cow
a252ec714aa10c6bd4ef51855ed0d7a4bdae9fcb,5.443835616438356,15021.78,Dormido
0132462ee1acf1c37e7411b20bac94e1d19959df,5.443835616438356,10786.89,Dormido
bc72901252a576e7e9cf1338797802e16098c93e,5.482191780821918,15140.15,Dormido
1cde06e09d2a9424bc7a0b65baaa91fef40f9c57,5.487671232876712,19435.57,Cash Cow
f4388ba025e29777a8c45dd9e7c3983e681c7feb,5.534246575342466,11278.34,Dormido
eb93e75516d918283b0435af21ddb59fdaea088c,5.542465753424658,7682.9,Dormido
1f28ccc615fd3728b28b03270fad3515df299bde,5.580821917808219,26905.13,Cash Cow
37ace794f7017a06963b6fb9b29921cb643a7859,5.657534246575342,17720.22,Dormido
60505a2e68c462e2180228e350206fb42cb790f9,5.698630136986301,18108.81,Cash Cow
7ed1cc81ae524309271cbd22c7ce7db82c12cba4,5.712328767123288,15087.31,Dormido
4a0f4660bc8fbd1f6601df793519331fe13f504a,5.767123287671233,12684.43,Dormido
c77b50cb2fc561b4153ccab731ea88bc0aeddce0,5.887671232876713,34618.49,Cash Cow
d5ef307a89fc28160c77c08bb2ee23de60d298cb,5.947945205479452,17176.06,Dormido
f36db2694f9bd6d0557c74210b0f9740d11ef472,5.961643835616439,13102.289999999999,Dormido
fe29a4b444e0c24c7efb5c4c5209e25e08893716,6.016438356164383,7424.22,Dormido
b8e1a7975a815474e3fff19ab29ee2eb8b6ab573,6.073972602739726,16711.94,Dormido
ef8a758ca3013cd95db48e67ee880e9340d1d6bb,6.112328767123287,12811.62,Dormido
3ebcd26565a0b8dd51f3a0025d8a407ca8bb5b9d,6.178082191780822,8754.26,Dormido
8cfb5aa5058e0bfd070d5ffd662c199a760fdd9a,6.263013698630137,7176.2,Promesa
a1f3c64f9979a361f9a54a173322681bf6dd20d1,6.284931506849315,112503.77,Estrella
9b75fd6bc1204c6ec1c199259cd5eedf93a35769,6.32054794520548,7087.84,Promesa
b9a5dd04524b595e7665208687a6a8d52c014c38,4.578082191780822,9342.4,Dormido
f07af2a08cbfb710f5c4b99b8027140aa5283c73,6.36986301369863,22384.83,Estrella
d359ab417e34fe192e8d846b6427d2f764f46683,6.484931506849315,6973.35,Promesa
db5a47a02777ef14f57d7ce5d322e6ec32e77115,6.515068493150685,19347.84,Estrella
89e976396041a90fe3106c76c590fb1428b31a95,6.536986301369863,17895.19,Promesa
a0137eb274a05163832740b4cd5a815dbacbcc0a,6.542465753424658,9908.41,Promesa
5239917775b511c0ee7410f759001e1ac6c23f71,7.515068493150685,12082.63,Promesa
50f4ad84e793535b162be0c9d2bd7f23b154085a,7.575342465753424,8638.55,Promesa
ec7cd19f9ac6c7da8cc572f90140479a5e34cc18,8.235616438356164,5780.6900000000005,Promesa
94c733ba6df29ae6c635b8d4419e9892c2e5de7a,10.32054794520548,15210.15,Promesa
9f5ef8a75027415903d631d98e775d0bbf641dab,3.8684931506849316,15436.25,Dormido
855d9e8df1063910ccebb5b0a88aa3d95a8cb6b9,3.372602739726027,29474.11,Cash Cow
0a5cc97f7cc1d44fd1a2561dd88fe20b754bb371,3.5287671232876714,21141.02,Cash Cow
ef527d38ee4bf25f10ec7ff6832287ebeba139ec,4.115068493150685,10904.97,Dormido
1ab24287f57b19700bc8dcd3f051c8b61583f07c,4.372602739726028,8256.54,Dormido
a11492b5aa5a81b47a23c2048157ed590f464a1d,4.441095890410959,58734.89,Cash Cow
e7dc1e812ff5f7d312d869c5c6938bc6149fa8a2,4.564383561643836,11217.68,Dormido
6b15b12f568dee2261e5a63652eb98cd0b38d2b6,4.619178082191781,14459.57,Dormido
f14b26554e27abbb873b1acda20caa4796ded192,4.67945205479452,15632.77,Dormido
02b41a28e9c440a28577c71daec52258dc817866,4.706849315068493,3211.23,Dormido
23cfcad88d9e8dd7a03532256a62af5196887dfb,4.712328767123288,7993.4400000000005,Dormido
92f77a4cb7a1547772bd562830a62aabd903b96d,4.926027397260274,93350.99,Cash Cow
7090e494acff84159c68c26522ba8febe55900ec,4.967123287671233,16933.91,Dormido
37aaf035fd76b624c4b4a07f3d50db3d4e00f577,5.158904109589041,13874.59,Dormido
a83a43847d4c141aea3d6822975ca796cc8adfa1,5.1945205479452055,12055.57,Dormido
874dd1352fcde3d759c2783be5a2da15a0cd98ae,5.227397260273973,13389.53,Dormido
be6f5967c189f44d54cd3fd722b1f4d46e3b939c,5.249315068493151,1721.97,Dormido
daf55004b8203e90d187cecef5a65a71c0723057,5.271232876712329,14594.08,Dormido
08c5a16957f74f2168ac2dc0af5623b621dd375e,5.276712328767124,19154.53,Cash Cow
8bbbde58b22daf4b9f64c19ee203de789dcfb537,5.315068493150685,14478.94,Dormido
ba02a9c4e1c4bab6cf0191dd5e6a501a8846967a,5.504109589041096,13804.52,Dormido
d467113b076db4a7a0b9186374c555a60570312f,5.523287671232877,6676.820000000001,Dormido
54773f79f1adc259627fec9c8946e7ca7369486e,5.583561643835616,22259.51,Cash Cow
b7a0dfa6d62f7ecfbfadf4b75ce2a2cbd5c00399,5.583561643835616,10091.07,Dormido
54c8aa271b50852a0938764fb491ab1cee075d23,5.66027397260274,15655.34,Dormido
f37e0ab4a7baade0d75ac48b2ec375ced9349f8e,4.342465753424658,33993.45,Cash Cow
cb5dcfe4cb7b81634ee6fe563f4502644de72073,5.726027397260274,10066.51,Dormido
76d1a0f61e51e5c3cb2a6afc324e7e32b3891560,5.728767123287671,12316.95,Dormido
e300be1e9145c31ef23005d864aad37b9e490e7e,5.747945205479452,10545.55,Dormido
abdad6c9c20ca66c5ccaefb5390f172180b7c448,5.756164383561644,11782.57,Dormido
98d4156b47dc4efdce5aad65ccbc186e7df595ca,4.273972602739726,12496.21,Dormido
197a249ecfa25a51bd904cd73ef77de4d0fa4330,5.789041095890411,25698.920000000002,Cash Cow
358fe11607f50f65f806bbaab6fd6fc35d6a3e04,5.791780821917809,22203.5,Cash Cow
d9ed6972e201ef7a6d3b77326eaae9086ff6953d,5.928767123287671,33512.15,Cash Cow
e8c967b402ded20e49f0d14246acc34438f52af7,5.964383561643835,5979.53,Dormido
e4155edfc18912f80557ee209d320bf57bca079d,5.7315068493150685,13464.11,Dormido
f47cf7b33ee50327ed43f557505d0b28aee5a62e,6.082191780821918,4353.72,Dormido
4f6a1bd3fdafee22878416ecdebf3f4c7fa47865,6.134246575342465,3577.62,Dormido
780957f77c26cb01603546783b0348c7a79fd273,6.178082191780822,14419.94,Dormido
1a1c25c15158fe5805fbfccda5f8181f0e2dbac5,3.9095890410958902,28777.53,Cash Cow
42002c5946cbbb31b3aed033fcab553d27cc5ac9,6.235616438356164,9525.73,Promesa
18d833ac5289ff5aca27d7ca0cc710256af56851,2.7041095890410958,4761.91,Dormido
d7173931bc0ccb88d79c83e4ddb3b2df0cc04303,6.304109589041096,10007.14,Promesa
f196cfe9cf77f36ace70534df17f08751c3da9e4,6.30958904109589,10396.18,Promesa
4eddd025693d96ac3024e78a6c817343ee0a0872,6.342465753424658,4697.64,Promesa
3c4cebcba30f9a0dc73f49f5b17d2bb929a88825,6.389041095890411,24983.29,Estrella
f2c66c4579432348e6afd036fa0ba7a939d4bf84,6.443835616438356,13286.33,Promesa
ed2b8ed2be33e153a7696cca64b430365b4446a1,6.498630136986302,2190.09,Promesa
b122377cec8cde56ba3b037afc3564ee77594abb,6.572602739726028,10497.4,Promesa
4cbf4e94b596d96716e6a390a9bc1189b7ecb972,6.616438356164384,9311.35,Promesa
274c51d3abefa1daf83dca06579b138da2df6e7b,6.7315068493150685,9480.83,Promesa
91477f382c3cf63ab5cd9263b502109243741158,5.575342465753424,22800.93,Cash Cow
da4b8eefb274dfb51a74c0f8cf74cd4d784698d3,4.1726027397260275,16463.57,Dormido
e5a678ee5880690ad4fc31a355a37b451de9d6fd,4.726027397260274,28400.23,Cash Cow
fdf02d0a51b8680e60bdb3aec28553729f2d4145,7.720547945205479,7950.96,Promesa
4a7cd56a461ceb4c12915cd95e9b58cf7884f282,7.901369863013699,35913.76,Estrella
1a5cc11faedfdac87849732ebe75c986675ac902,7.96986301369863,9520.27,Promesa
ac6a6046f771392515fbcc46ba825af32742d296,6.019178082191781,18173.23,Cash Cow
b42f70dcacd85b1465860e9df176cf3e37e14dc9,3.5835616438356164,8986.23,Dormido
0e04ea5c1465c0208e0cf169f1de081cdf1b2de6,3.695890410958904,34242.1,Cash Cow
16f22bd5adee3d4b0ae41ae241fce1b66c4e9fe9,4.098630136986301,34182.590000000004,Cash Cow
9553d7f9f8f4042bf7e568f5512363e74022c8c7,4.101369863013699,4570.12,Dormido
43dba034ce6758333b76ff8f419b3c3d916d426b,4.117808219178082,21743.71,Cash Cow
dbc73a6427bba7254c79c73ec1b1e31f419c6204,4.1726027397260275,20183.54,Cash Cow
eca6242c1a169578624cfc2e84c3f52392e33db5,4.191780821917808,21600.1,Cash Cow
935baeb133059c0f5b91402004e86514ffe90f1b,4.219178082191781,8339.16,Dormido
d56fc86801dca55e749ed9ad01c71c247958889f,4.389041095890411,5026.67,Dormido
441f2f27c0a36e7cfd332b5d2dc46d71bb6d4f2c,4.504109589041096,9724.42,Dormido
a9f3e22ab1e4f89dee4a8675841a3b61bd75032b,4.556164383561644,13029.54,Dormido
3ed9552b66e7243337c06a814b9cd179ec6a6b2f,4.641095890410959,8846.58,Dormido
1a9868a219eba7b3133c6e8c7a9ff6c7f274674b,4.67945205479452,7781.2300000000005,Dormido
3f5c32606f0bf3e25ae3c723ed58459b41c5b474,4.698630136986301,6105.24,Dormido
b558da8c68541009c1f026b57574b735810902a1,4.717808219178083,18046.83,Cash Cow
bf7cc3724c16efc62c070e93f25d5d5bfbe43a60,4.8712328767123285,8485.76,Dormido
e55dd486d8eecc63e02d68fa2e9cd8d8ecd73bcc,4.884931506849315,13984.7,Dormido
53c5d5991983d7d0e74c81a03849520a99c251de,4.967123287671233,9782.76,Dormido
68f7ac03a9f1641336b2e8a0b9308691c11b10a9,4.980821917808219,12488.36,Dormido
26bd3b964d3291294d0420e2fb8f3b6bb0710e07,4.983561643835617,32552.56,Cash Cow
5925f7858dc4c83cab4238cab7af5d7645f50ab2,5.131506849315069,19298.48,Cash Cow
1c0a4cc1a30a8fc039ba60edc6daebaf680c1c6d,4.257534246575342,151105.02,Cash Cow
dc7afe77d9bc6a88693994be1c07797400b57203,3.632876712328767,13199.93,Dormido
6714ccd4aa5663a08a8d0b5cf555616b09c049d3,5.287671232876712,9668.22,Dormido
4b10ebaef71314dc754488bf786c921bf75aa725,5.287671232876712,9725.37,Dormido
06edf585cd7a632155cf063b328033ffbfa7ae69,5.306849315068493,5277.97,Dormido
fa694d3ccb36d1fcc4aede6919e91d9b223af224,5.367123287671233,14065.97,Dormido
d05b7fff58d35bb72b40d33223ed02b4d9d22f51,5.476712328767123,9261.4,Dormido
a03996fac4841ded81f41c00166a141bf3e855bb,5.515068493150685,12647.56,Dormido
32f44973d9d60ed8eba7bcb021509b60816148da,5.6219178082191785,16873.19,Dormido
8a03b91c90518d87a6f52b4ed136ac6e49ec4403,5.698630136986301,20701.01,Cash Cow
074d3028233af49dc2dc2b5ccfff0c960b91237a,5.717808219178083,17702.79,Dormido
f8f687e627e304d533d9eeff8a98dcc071f14c28,4.046575342465753,32440.86,Cash Cow
20de823b21be5a247d51c93ba27258cf36e6ad6e,5.802739726027397,3232.95,Dormido
6dcca665824fc7146474f6602c5957f25a316b49,5.810958904109589,12636.37,Dormido
e13ed7c925c1f39110b80c94afadda887a709552,5.884931506849315,9138.9,Dormido
974232ce089a22d800638ad09c445dfcc0970d6d,5.898630136986301,12557.619999999999,Dormido
353dd73d7b23a30d6b0543994ba860df026d746d,5.909589041095891,11822.24,Dormido
19a32480aa51eea09847e67f017a90e20df740d1,5.93972602739726,4802.73,Dormido
745d9064499017d18e89a2560f0650e61280f37d,5.980821917808219,10060.0,Dormido
cc38e4f8c6c0afb7020bb94a488d88514619ee9e,5.997260273972603,9241.99,Dormido
8d6beb6bdc3675af020bf5d53f4c95445d8044b7,6.043835616438356,16819.98,Dormido
2fea6edc37f37e96cfd44aef71f11c98832128dc,6.117808219178082,8080.25,Dormido
4e1c8e94b71869409b89de7d0576e8d16d7ee19b,6.158904109589041,20774.28,Cash Cow
3e05d1777c4db68a7d5cf9fdff1b53c60aaea397,6.16986301369863,7792.16,Dormido
bf348e4f9af16aa0d6f97c84ec994257e6eee5f9,6.175342465753425,6069.99,Dormido
b1178826550613d576a2154a9f9d5dc85ff9c8b5,6.178082191780822,3132.19,Dormido
ed00f4cce1a9a62a9f711199c7e49470057584bf,6.2904109589041095,9996.57,Promesa
175111c30e17b0c1751665678e3125c9d75d3d9b,3.276712328767123,49818.28,Cash Cow
0e9bb6deb8c8d03c790d3e661981fb8b436bb0ff,6.35068493150685,8798.63,Promesa
6ef8ee2f7349e5b8bef3ea95a17bcf4e3e39e060,6.358904109589041,7276.29,Promesa
b509e25736ec4676f31ce07a7a8b4ff02536069c,6.36986301369863,11969.62,Promesa
43b6a6510cb90e1bfc2d976b1ee1469fcec3d561,6.405479452054794,19903.73,Estrella
d9113ba8caf59adacd5bdb1e45ae11ed97673366,6.52054794520548,25021.85,Estrella
277b819b9d6259254f3cf2044ca41bd2e8022e64,6.52054794520548,8649.61,Promesa
68b650e2d44e0cf88400824077955342a3773293,6.52054794520548,17525.92,Promesa
49059d4098a967e6c85847cc5cbc80116edf747b,6.53972602739726,38563.79,Estrella
9d5abeb917fa1ac848eee412d2d6c91d24407037,6.5698630136986305,12884.84,Promesa
37c63d6e78f54e563cd128b18a20ff3902ee58b3,6.638356164383562,7240.97,Promesa
62963834e157b2e52e0db4f39171a160ab243f30,7.550684931506849,47875.97,Estrella
3e86f3f66a96699fe2a84164892b66138b87c333,7.698630136986301,23579.25,Estrella
613358fdbef3c34dbd3ac1c834611a1d959d1c38,6.6,12605.45,Promesa
7cff8f4347ce50d411159eeacb758a678a0835db,7.989041095890411,26215.86,Estrella
29479889c8261b0049d9ed7a9b938d2983b15995,3.654794520547945,13049.84,Dormido
bf9fcbc008361168b099bf7654e9a1b30605c76e,3.9315068493150687,6282.74,Dormido
74a1808adbc02718bf326e63e7c92e1dbaea49c4,3.989041095890411,31594.09,Cash Cow
65813aadc475199aa587b2f05bfd4717804d5df8,4.021917808219178,5433.7699999999995,Dormido
c024bff1d6b17e94addfc4ce1ebc71e3c6c4f0d2,4.112328767123287,9945.25,Dormido
3e2d00321a3cbae338fc3e44f42e6af8b2363332,4.315068493150685,17396.5,Dormido
a26ba9e5afd2415127df67a7a9fd1befd8b3e0f6,4.372602739726028,6929.82,Dormido
398696bcdf31c9de056b77ef87589c821b116421,4.438356164383562,8569.78,Dormido
cca27e55e64fbf85b242d203f225684b595b3465,4.504109589041096,22036.34,Cash Cow
3b669d7cd84b5bd588be7ade333c29d72410d121,4.583561643835616,9161.02,Dormido
45cb1289154caa36007035b575f46a9e5b7fd6e5,4.597260273972603,22198.170000000002,Cash Cow
b2437a23b3ac7a87fca900d9d405fb0d033d0d14,4.657534246575342,8468.35,Dormido
a9e016b379e37917e4b2ecc8f9a57cef93ccc185,4.69041095890411,5617.68,Dormido
ab230fab5995150dab0877d3e294ddad37ce8a4e,4.695890410958904,17187.24,Dormido
5a098061ec5dab14faf88d82adfc546c767425b3,4.808219178082192,17145.86,Dormido
47c490f06e223cfb0ca22a4ae1c2036a34b28257,4.93972602739726,8504.93,Dormido
08cc682e0ae51b9b193a51d81215a8290e38ae13,4.997260273972603,16423.63,Dormido
fd882b966a126fa90f9af3d7be697c3e9e2d812b,5.043835616438356,6689.51,Dormido
72c9615334f4ad7fc3d07ca8e7760cd4cf09fb8f,5.054794520547945,37882.03,Cash Cow
cd5c72c994e7854aca54f6f66bff0ca8b75e2009,5.063013698630137,4950.1,Dormido
6629e1d49065d23e56826a48d20f04a3caec35c6,5.101369863013699,13249.66,Dormido
0222064a58a1778a4d7a9e10088174a532e71553,5.101369863013699,4527.87,Dormido
28a3eff389a45a7a97524442728afe0bd4e0fa79,5.101369863013699,11372.16,Dormido
61b7163fbcb5a1fab255dc4df4540e01ba0ddaeb,5.120547945205479,8461.8,Dormido
2c6a51fcc4a389fb2254acb8475a565ab3112bef,5.210958904109589,15973.65,Dormido
ba509e6b05704b8d6e52967a476a2def0d29bae2,5.257534246575342,1461.6,Dormido
84d2207312aa074f626bd55f20f5536157107740,3.26027397260274,16057.04,Dormido
c0ff5732c856487c5903b41757d232c0e37817da,5.265753424657534,11100.47,Dormido
153a1e5622ee9cb2225b871bfc322ce6f2c3d91c,5.331506849315068,11405.43,Dormido
003d9abe467a91847d566cf455bd2d7d6c8f7e75,5.427397260273972,12908.93,Dormido
5138254ba584a827b3caf416b3c0472176be3113,5.484931506849315,12466.95,Dormido
76b791a3dec62981ee97bd3a4aa5c9f1b5cd1ea6,5.52054794520548,29150.29,Cash Cow
7da1e5c57142a3a1fb9eeaa4eb164f7f8c7c0e61,5.558904109589041,3400.25,Dormido
bd3a1e151bc9533843c0939363995ba036b8a4ce,5.6219178082191785,16358.63,Dormido
d270f68c46b056212875477b0ff3ae25b390d277,5.67945205479452,13362.82,Dormido
c2be4d30a69004440c0cf7d8460c4e7ad2b97da5,5.715068493150685,14928.01,Dormido
7044a849864f62a9b80a09566da8b9f4fc2f8ba6,5.736986301369863,7597.53,Dormido
9d5a8c0219a10e1b8805ea115918d687f9578559,3.389041095890411,4705.63,Dormido
fd6cd385f6f3f8337361f399f4ed967da18030c9,5.7753424657534245,22303.87,Cash Cow
c0c1be006b19e27698d1d7bc2fe0bd6329d1496b,5.789041095890411,6480.5599999999995,Dormido
07e3e5ff90a36ec9826973b7cfea778815cd4187,5.791780821917809,34384.17,Cash Cow
56d13634eb0ea665cda6e66a2a4a58c4f4db6f38,5.802739726027397,9173.57,Dormido
0eb9b961cb30b2201c9e515b2fbf4e146465beaa,5.83013698630137,41282.78,Cash Cow
1622b0c47fa3ca8b8b8a0b54dfde1d479b35e1e8,5.852054794520548,11605.77,Dormido
f0a7b9579d455a71863bb71a55390f7927534808,5.901369863013699,7744.23,Dormido
a02fd6843abbda4da5c356720b8c4d338b7bc792,5.917808219178082,14725.27,Dormido
178038e16a3c24e9bca0a9ffb60b43fb8f320f70,5.928767123287671,6788.58,Dormido
fbdf56830d125b36ae146e059616b69744a67111,5.947945205479452,29902.43,Cash Cow
80f9782ebdfbc5465129688ac339bd590c11739d,5.994520547945205,10110.57,Dormido
747936723641ca6725111160d2a88d8f92b63c6c,6.043835616438356,18075.95,Cash Cow
26e6f432359c188d9a090fac1d70ec2ededb9a18,6.043835616438356,9163.93,Dormido
25a5b5f5cdcd75129e80d9b267f309eb720281d2,6.063013698630137,13260.06,Dormido
04fd28294e679ea9848b3057862a6bf40367331e,6.076712328767123,2350.83,Dormido
5efc680347f3e792c759cc5ac43f26bc2f854b47,6.13972602739726,3184.58,Dormido
ef1bad5231e94c562cb6529d6b5e4fefe0f4c280,6.1945205479452055,16125.28,Dormido
7eec0967e047509768ec351ce5d239e234422f17,6.208219178082191,8903.49,Promesa
441b869ba4a443853d3561adaf7c7b2fd2d1ca66,6.213698630136986,12141.29,Promesa
133a307602635e05dcca30a5efc0620eecb9386f,6.2904109589041095,11720.66,Promesa
4caca0b1d0dd8ee18ddaadb8f0bd24d0e0bc335f,6.33972602739726,5231.65,Promesa
b1cb371074e1938c9e0a84f57469c60f62cefdd3,6.342465753424658,12078.07,Promesa
c548310f649be29ffac0f04ca50a0bd0ed9a3352,6.380821917808219,20405.33,Estrella
fac483e270b86bd3f3d2fc39613aff99831610f3,6.495890410958904,18041.81,Estrella
095d37f69671480cb972a29a801f28b09791de7b,6.501369863013698,7650.84,Promesa
298d41a93ab1b0da3975e94d3fe4fa179b147ac5,6.52054794520548,32813.28,Estrella
76d1983bafc5ecfefafb64b976589a8aafa5a3f4,6.536986301369863,15658.23,Promesa
e14d88b8be5caa1af8ec5cf107335b28e2f7977b,6.536986301369863,16170.210000000001,Promesa
44ea32e786c5b1a999f6421611776dc2d32df657,6.542465753424658,5487.2,Promesa
7bc502b1cf123d8cb1fc4cf945fa4de645757c06,6.542465753424658,18500.58,Estrella
20c35f25b3b6227cbd5e2a34f6fa5e593bbf349e,6.553424657534246,5517.99,Promesa
bcf99c1fa38f060928e10cb24ab5c67def4889c3,6.619178082191781,20226.34,Estrella
